N01,1,1,0.000000,0.000000,0.000000,0.000000,0.000000,0.000000,0.000000,0.082857,0.000000,0.000000,0.015946,0.096007,0.000000,0.097877,0.138566,0.172381,0.246439,0.124175,0.000000,0.000000,0.000000,0.000000,0.000000,0.000000,-1
N01,1,2,0.000000,0.000000,0.000000,0.000000,0.000000,0.000000,0.000000,0.024629,0.000000,0.000000,0.000000,0.000000,0.222019,0.217453,0.182175,0.113258,0.111988,0.057243,0.000000,0.000000,0.000000,0.000000,0.000000,0.000000,-1
N01,1,3,0.000000,0.000000,0.000000,0.000000,0.000000,0.000000,0.000000,0.000000,0.000000,0.000000,0.000000,0.000000,0.725125,0.208506,0.099922,0.000000,0.000000,0.000000,0.000000,0.000000,0.000000,0.000000,0.000000,0.000000,-1
N01,1,4,0.000000,0.000000,0.000000,0.000000,0.000000,0.000000,0.000000,0.000000,0.000000,0.000000,0.000000,0.221019,0.766138,0.000000,0.000000,0.000000,0.000000,0.000000,0.000000,0.000000,0.000000,0.000000,0.000000,0.000000,-1
N01,1,5,0.000000,0.000000,0.000000,0.000000,0.000000,0.000000,0.000000,0.000000,0.000000,0.000000,0.000000,0.713710,0.262120,0.000000,0.000000,0.000000,0.000000,0.000000,0.000000,0.000000,0.000000,0.000000,0.000000,0.000000,-1
N01,1,6,0.000000,0.000000,0.000000,0.000000,0.000000,0.000000,0.000000,0.000000,0.000000,0.000000,0.000000,0.992819,0.000000,0.000000,0.000000,0.000000,0.000000,0.000000,0.000000,0.000000,0.000000,0.000000,0.000000,0.000000,-1
N01,2,1,0.000000,0.000000,0.000000,0.000000,0.000000,0.000000,0.000000,0.000000,0.000000,0.000000,0.000000,0.000000,0.440953,0.068714,0.221345,0.000000,0.246565,0.000000,0.000000,0.000000,0.000000,0.000000,0.000000,0.000000,-1
N01,2,2,0.000000,0.000000,0.000000,0.000000,0.000000,0.000000,0.000000,0.000000,0.000000,0.000000,0.000000,0.314557,0.521929,0.107428,0.022224,0.000000,0.000000,0.000000,0.000000,0.000000,0.000000,0.000000,0.000000,0.000000,-1
N01,2,3,0.000000,0.000000,0.000000,0.000000,0.000000,0.000000,0.000000,0.000000,0.000000,0.000000,0.000000,0.849301,0.181644,0.000000,0.000000,0.000000,0.000000,0.000000,0.000000,0.000000,0.000000,0.000000,0.000000,0.000000,-1
N01,2,4,0.000000,0.000000,0.000000,0.000000,0.000000,0.000000,0.000000,0.000000,0.000000,0.000000,0.000000,0.987244,0.000000,0.000000,0.000000,0.000000,0.000000,0.000000,0.000000,0.000000,0.000000,0.000000,0.000000,0.000000,-1
N01,2,5,0.000000,0.000000,0.000000,0.000000,0.000000,0.000000,0.000000,0.000000,0.000000,0.000000,0.000000,1.058192,0.000000,0.000000,0.000000,0.000000,0.000000,0.000000,0.000000,0.000000,0.000000,0.000000,0.000000,0.000000,-1
N01,2,6,0.000000,0.000000,0.000000,0.000000,0.000000,0.000000,0.000000,0.000000,0.000000,0.000000,0.000000,1.004597,0.000000,0.000000,0.000000,0.000000,0.000000,0.000000,0.000000,0.000000,0.000000,0.000000,0.000000,0.000000,-1
N01,3,1,0.000000,0.000000,0.000000,0.000000,0.000000,0.000000,0.000000,0.089044,0.000000,0.000000,0.000000,0.214108,0.227468,0.176148,0.129207,-0.005239,0.186330,0.000000,0.000000,0.000000,0.000000,0.000000,0.000000,0.000000,-1
N01,3,2,0.000000,0.000000,0.000000,0.000000,0.000000,0.000000,0.000000,0.000000,0.000000,0.000000,0.000000,0.700514,0.216756,0.063530,0.000000,0.000000,0.000000,0.000000,0.000000,0.000000,0.000000,0.000000,0.000000,0.000000,-1
N01,3,3,0.000000,0.000000,0.000000,0.000000,0.000000,0.000000,0.000000,0.000000,0.000000,0.000000,0.000000,0.985170,0.000000,0.000000,0.000000,0.000000,0.000000,0.000000,0.000000,0.000000,0.000000,0.000000,0.000000,0.000000,-1
N01,3,4,0.000000,0.000000,0.000000,0.000000,0.000000,0.000000,0.000000,0.000000,0.000000,0.000000,0.000000,1.021255,0.000000,0.000000,0.000000,0.000000,0.000000,0.000000,0.000000,0.000000,0.000000,0.000000,0.000000,0.000000,-1
N01,3,5,0.000000,0.000000,0.000000,0.000000,0.000000,0.000000,0.000000,0.000000,0.000000,0.000000,0.000000,1.014358,0.000000,0.000000,0.000000,0.000000,0.000000,0.000000,0.000000,0.000000,0.000000,0.000000,0.000000,0.000000,-1
N01,4,1,0.000000,0.000000,0.000000,0.000000,0.000000,0.000000,0.000000,0.000000,0.628002,0.394931,0.000000,0.000000,0.000000,0.000000,0.000000,0.000000,0.000000,0.000000,0.000000,0.000000,0.000000,0.000000,0.000000,0.000000,-1
N01,4,2,0.000000,0.000000,0.000000,0.000000,0.000000,0.000000,0.000000,0.000000,0.863716,0.160853,0.000000,0.000000,0.000000,0.000000,0.000000,0.000000,0.000000,0.000000,0.000000,0.000000,0.000000,0.000000,0.000000,0.000000,-1
N01,4,3,0.000000,0.000000,0.000000,0.000000,0.000000,0.000000,0.000000,0.000000,0.989398,0.000000,0.000000,0.000000,0.000000,0.000000,0.000000,0.000000,0.000000,0.000000,0.000000,0.000000,0.000000,0.000000,0.000000,0.000000,-1
N01,4,4,0.000000,0.000000,0.000000,0.000000,0.000000,0.000000,0.000000,0.000000,1.023353,0.000000,0.000000,0.000000,0.000000,0.000000,0.000000,0.000000,0.000000,0.000000,0.000000,0.000000,0.000000,0.000000,0.000000,0.000000,-1
N01,4,5,0.000000,0.000000,0.000000,0.000000,0.000000,0.000000,0.000000,0.000000,1.007836,0.000000,0.000000,0.000000,0.000000,0.000000,0.000000,0.000000,0.000000,0.000000,0.000000,0.000000,0.000000,0.000000,0.000000,0.000000,-1
N01,4,6,0.000000,0.000000,0.081582,0.000000,0.000000,0.000000,0.000000,0.000000,0.915437,0.000000,0.000000,0.000000,0.000000,0.000000,0.000000,0.000000,0.000000,0.000000,0.000000,0.000000,0.000000,0.000000,0.000000,0.000000,-1
N01,4,7,0.000000,0.000000,0.038445,0.000000,0.000000,0.000000,0.000000,0.000000,0.963742,0.000000,0.000000,0.000000,0.000000,0.000000,0.000000,0.000000,0.000000,0.000000,0.000000,0.000000,0.000000,0.000000,0.000000,0.000000,-1
N01,4,8,0.000000,0.000000,0.000000,0.000000,0.193206,0.000000,0.000000,0.000000,0.814698,0.000000,0.000000,0.000000,0.000000,0.000000,0.000000,0.000000,0.000000,0.000000,0.000000,0.000000,0.000000,0.000000,0.000000,0.000000,-1
N01,4,9,0.000000,0.000000,0.000000,0.000000,0.257066,0.000000,0.000000,0.000000,0.736218,0.000000,0.000000,0.000000,0.000000,0.000000,0.000000,0.000000,0.000000,0.000000,0.000000,0.000000,0.000000,0.000000,0.000000,0.000000,-1
N01,4,10,0.000000,0.000000,0.000000,0.000000,0.126692,0.000000,0.000000,0.000000,0.812643,0.000000,0.000000,0.000000,0.000000,0.000000,0.000000,0.000000,0.000000,0.000000,0.000000,0.000000,0.000000,0.000000,0.000000,0.000000,-1
N01,4,11,0.000000,0.000000,0.000000,0.000000,0.146608,0.000000,0.000000,0.000000,0.873083,0.000000,0.000000,0.000000,0.000000,0.000000,0.000000,0.000000,0.000000,0.000000,0.000000,0.000000,0.000000,0.000000,0.000000,0.000000,-1
N01,5,1,0.000000,0.962013,0.000000,0.000000,0.000000,0.000000,0.000000,0.000000,0.060564,0.000000,0.000000,0.000000,0.000000,0.000000,0.000000,0.000000,0.000000,0.000000,0.000000,0.000000,0.000000,0.000000,0.000000,0.000000,-1
N01,5,2,0.000000,0.483712,0.000000,0.000000,0.000000,0.000000,0.000000,0.000000,0.175297,0.002840,0.203030,0.045411,0.000000,0.000000,0.000000,0.000000,0.000000,0.000000,0.000000,0.000000,0.000000,0.000000,0.000000,0.000000,-1
N01,5,3,0.000000,0.000000,0.000000,0.000000,0.000000,0.000000,0.000000,0.000000,0.195365,0.357141,0.316015,0.079088,0.041491,0.000000,0.000000,0.000000,0.000000,0.000000,0.000000,0.000000,0.000000,0.000000,0.000000,0.000000,-1
N01,5,4,0.000000,0.000000,0.000000,0.000000,0.000000,0.000000,0.000000,0.000000,0.354159,0.403827,0.119848,0.087461,0.054188,0.000000,0.000000,0.000000,0.000000,0.000000,0.000000,0.000000,0.000000,0.000000,0.000000,0.000000,-1
N01,5,5,0.000000,0.000000,0.000000,0.000000,0.000000,0.000000,0.000000,0.300816,0.559452,0.108485,0.000000,0.000000,0.000000,0.000000,0.000000,0.000000,0.000000,0.000000,0.000000,0.000000,0.000000,0.000000,0.000000,0.000000,-1
N01,5,6,0.000000,0.000000,0.000000,0.000000,0.000000,0.000000,0.000000,0.771756,0.202655,0.000000,0.000000,0.000000,0.000000,0.000000,0.000000,0.000000,0.000000,0.000000,0.000000,0.000000,0.000000,0.000000,0.000000,0.000000,-1
N01,5,7,0.000000,0.000000,0.000000,0.000000,0.000000,0.000000,0.000000,0.697173,0.240303,0.000000,0.000000,0.000000,0.000000,0.000000,0.000000,0.000000,0.000000,0.000000,0.000000,0.000000,0.000000,0.000000,0.000000,0.000000,-1
N01,5,8,0.000000,0.000000,0.000000,0.000000,0.000000,0.000000,0.000000,0.247427,0.708177,0.000000,0.000000,0.000000,0.000000,0.000000,0.000000,0.000000,0.000000,0.000000,0.000000,0.000000,0.000000,0.000000,0.000000,0.000000,-1
N01,5,9,0.000000,0.000000,0.000000,0.000000,0.000000,0.000000,0.000000,0.000000,0.972233,0.000000,0.000000,0.000000,0.000000,0.000000,0.000000,0.000000,0.000000,0.000000,0.000000,0.000000,0.000000,0.000000,0.000000,0.000000,-1
N01,5,10,0.000000,0.000000,0.000000,0.000000,0.000000,0.000000,0.000000,0.000000,1.032349,0.000000,0.000000,0.000000,0.000000,0.000000,0.000000,0.000000,0.000000,0.000000,0.000000,0.000000,0.000000,0.000000,0.000000,0.000000,-1
N01,5,11,0.000000,0.000000,0.000000,0.000000,0.000000,0.000000,0.000000,0.000000,0.989353,0.000000,0.000000,0.000000,0.000000,0.000000,0.000000,0.000000,0.000000,0.000000,0.000000,0.000000,0.000000,0.000000,0.000000,0.000000,-1
N01,5,12,0.000000,0.000000,0.000000,0.000000,0.000000,0.000000,0.000000,0.000000,0.987847,0.000000,0.000000,0.000000,0.000000,0.000000,0.000000,0.000000,0.000000,0.000000,0.000000,0.000000,0.000000,0.000000,0.000000,0.000000,-1
N01,5,13,0.000000,0.000000,0.000000,0.000000,0.000000,0.000000,0.000000,0.000000,0.997173,0.000000,0.000000,0.000000,0.000000,0.000000,0.000000,0.000000,0.000000,0.000000,0.000000,0.000000,0.000000,0.000000,0.000000,0.000000,-1
N01,5,14,0.000000,0.000000,0.000000,0.000000,0.000000,0.000000,0.000000,0.000000,1.031890,0.000000,0.000000,0.000000,0.000000,0.000000,0.000000,0.000000,0.000000,0.000000,0.000000,0.000000,0.000000,0.000000,0.000000,0.000000,-1
N01,5,15,0.000000,0.000000,0.000000,0.000000,0.000000,0.000000,0.000000,0.000000,0.996123,0.000000,0.000000,0.000000,0.000000,0.000000,0.000000,0.000000,0.000000,0.000000,0.000000,0.000000,0.000000,0.000000,0.000000,0.000000,-1
N01,6,1,0.000000,0.000000,0.000000,0.000000,0.000000,0.000000,0.000000,0.000000,0.000000,0.000000,0.000000,0.000000,0.238319,0.240837,0.154236,0.019735,0.274574,0.000000,0.000000,0.000000,0.000000,0.000000,0.000000,0.000000,-1
N01,6,2,0.000000,0.000000,0.000000,0.000000,0.000000,0.000000,0.000000,0.000000,0.000000,0.000000,0.000000,0.224520,0.418669,0.232674,0.197285,0.000000,0.000000,0.000000,0.000000,0.000000,0.000000,0.000000,0.000000,0.000000,-1
N01,6,3,0.000000,0.000000,0.000000,0.000000,0.000000,0.000000,0.000000,0.000000,0.000000,0.000000,0.000000,0.782605,0.310775,0.000000,0.000000,0.000000,0.000000,0.000000,0.000000,0.000000,0.000000,0.000000,0.000000,0.000000,-1
N01,6,4,0.000000,0.000000,0.000000,0.000000,0.000000,0.000000,0.000000,0.000000,0.000000,0.000000,0.000000,0.978261,0.000000,0.000000,0.000000,0.000000,0.000000,0.000000,0.000000,0.000000,0.000000,0.000000,0.000000,0.000000,-1
N01,6,5,0.000000,0.000000,0.000000,0.000000,0.000000,0.000000,0.000000,0.000000,0.000000,0.000000,0.000000,1.021797,0.000000,0.000000,0.000000,0.000000,0.000000,0.000000,0.000000,0.000000,0.000000,0.000000,0.000000,0.000000,-1
N01,6,6,0.000000,0.000000,0.000000,0.000000,0.000000,0.000000,0.000000,0.000000,0.000000,0.000000,0.000000,0.981715,0.000000,0.000000,0.000000,0.000000,0.000000,0.000000,0.000000,0.000000,0.000000,0.000000,0.000000,0.000000,-1
N01,7,1,0.000000,0.717358,0.000000,0.000000,0.000000,0.000000,0.000000,0.000000,0.000000,0.000000,0.000000,0.095117,0.065855,0.112913,0.000000,0.000000,0.000000,0.000000,0.000000,0.000000,0.000000,0.000000,0.000000,0.000000,-1
N01,7,2,0.000000,0.315183,0.000000,0.000000,0.000000,0.000000,0.000000,0.000000,0.141934,0.305059,0.082470,0.054930,0.070783,0.141448,0.000000,0.000000,0.000000,0.000000,0.000000,0.000000,0.000000,0.000000,0.000000,0.000000,-1
N01,7,3,0.000000,0.000000,0.000000,0.000000,0.000000,0.000000,0.000000,0.000000,0.418407,0.442048,0.053739,0.069961,0.000000,0.000000,0.000000,0.000000,0.000000,0.000000,0.000000,0.000000,0.000000,0.000000,0.000000,0.000000,-1
N01,7,4,0.000000,0.000000,0.000000,0.000000,0.000000,0.000000,0.000000,0.373144,0.413579,0.178337,0.000000,0.000000,0.000000,0.000000,0.000000,0.000000,0.000000,0.000000,0.000000,0.000000,0.000000,0.000000,0.000000,0.000000,-1
N01,7,5,0.000000,0.116069,0.000000,0.014180,0.000000,0.000000,0.000000,0.649819,0.130934,0.000000,0.000000,0.087186,0.000000,0.000000,0.000000,0.000000,0.000000,0.000000,0.000000,0.000000,0.000000,0.000000,0.000000,0.000000,-1
N01,7,6,0.000000,0.094177,0.000000,0.035072,0.000000,0.000000,0.000000,0.598010,0.203264,0.000000,0.000000,0.066183,0.000000,0.000000,0.000000,0.000000,0.000000,0.000000,0.000000,0.000000,0.000000,0.000000,0.000000,0.000000,-1
N01,7,7,0.000000,0.000000,0.000000,0.000000,0.000000,0.000000,0.000000,0.366186,0.717227,0.000000,0.000000,0.000000,0.000000,0.000000,0.000000,0.000000,0.000000,0.000000,0.000000,0.000000,0.000000,0.000000,0.000000,0.000000,-1
N01,7,8,0.000000,0.000000,0.000000,0.000000,0.000000,0.042350,0.000000,0.000000,0.959997,0.000000,0.000000,0.000000,0.000000,0.000000,0.000000,0.000000,0.000000,0.000000,0.000000,0.000000,0.000000,0.000000,0.000000,0.000000,-1
N01,7,9,0.000000,0.000000,0.000000,0.000000,0.172725,0.076182,0.000000,0.000000,0.796056,0.000000,0.000000,0.000000,0.000000,0.000000,0.000000,0.000000,0.000000,0.000000,0.000000,0.000000,0.000000,0.000000,0.000000,0.000000,-1
N01,7,10,0.000000,0.000000,0.000000,0.000000,0.425823,0.000000,0.000000,0.000000,0.629419,0.000000,0.000000,0.000000,0.000000,0.000000,0.000000,0.000000,0.000000,0.000000,0.000000,0.000000,0.000000,0.000000,0.000000,0.000000,-1
N01,8,1,0.000000,0.660684,0.000000,0.000000,0.000000,0.000000,0.000000,0.000000,0.278452,0.000000,0.000000,0.000000,0.000000,0.000000,0.000000,0.000000,0.000000,0.000000,0.000000,0.000000,0.000000,0.000000,0.000000,0.000000,-1
N01,8,2,0.000000,0.239529,0.000000,0.000000,0.000000,0.000000,0.000000,0.000000,0.439389,0.352106,0.000000,0.000000,0.000000,0.000000,0.000000,0.000000,0.000000,0.000000,0.000000,0.000000,0.000000,0.000000,0.000000,0.000000,-1
N01,8,3,0.000000,0.000000,0.000000,0.000000,0.000000,0.000000,0.000000,0.000000,0.385346,0.598935,0.000000,0.000000,0.000000,0.000000,0.000000,0.000000,0.000000,0.000000,0.000000,0.000000,0.000000,0.000000,0.000000,0.000000,-1
N01,8,4,0.000000,0.000000,0.000000,0.000000,0.000000,0.000000,0.000000,0.000000,0.707814,0.269770,0.000000,0.000000,0.000000,0.000000,0.000000,0.000000,0.000000,0.000000,0.000000,0.000000,0.000000,0.000000,0.000000,0.000000,-1
N01,8,5,0.000000,0.000000,0.000000,0.000000,0.000000,0.000000,0.000000,0.000000,1.016815,0.000000,0.000000,0.000000,0.000000,0.000000,0.000000,0.000000,0.000000,0.000000,0.000000,0.000000,0.000000,0.000000,0.000000,0.000000,-1
N01,8,6,0.000000,0.000000,0.000000,0.000000,0.000000,0.000000,0.000000,0.000000,0.994772,0.000000,0.000000,0.000000,0.000000,0.000000,0.000000,0.000000,0.000000,0.000000,0.000000,0.000000,0.000000,0.000000,0.000000,0.000000,-1
N01,8,7,0.000000,0.000000,0.000000,0.000000,0.000000,0.000000,0.000000,0.000000,0.994171,0.000000,0.000000,0.000000,0.000000,0.000000,0.000000,0.000000,0.000000,0.000000,0.000000,0.000000,0.000000,0.000000,0.000000,0.000000,-1
N01,8,8,0.000000,0.000000,0.000000,0.000000,0.000000,0.000000,0.000000,0.000000,0.984749,0.075141,0.000000,0.000000,0.000000,0.000000,0.000000,0.000000,0.000000,0.000000,0.000000,0.000000,0.000000,0.000000,0.000000,0.000000,-1
N01,8,9,0.000000,0.000000,0.000000,0.000000,0.000000,0.000000,0.000000,0.000000,0.848875,0.169808,0.000000,0.000000,0.000000,0.000000,0.000000,0.000000,0.000000,0.000000,0.000000,0.000000,0.000000,0.000000,0.000000,0.000000,-1
N01,8,10,0.000000,0.000000,0.000000,0.000000,0.000000,0.000000,0.000000,0.000000,0.485389,0.481899,0.000000,0.000000,0.000000,0.000000,0.000000,0.000000,0.000000,0.000000,0.000000,0.000000,0.000000,0.000000,0.000000,0.000000,-1
N01,9,1,0.000000,0.207378,0.000000,0.000000,0.000000,0.000000,0.000000,0.146692,0.550282,0.120294,0.000000,0.000000,0.000000,0.000000,0.000000,0.000000,0.000000,0.000000,0.000000,0.000000,0.000000,0.000000,0.000000,0.000000,-1
N01,9,2,0.000000,0.000000,0.000000,0.000000,0.000000,0.000000,0.000000,0.000000,0.410840,0.588211,0.000000,0.000000,0.000000,0.000000,0.000000,0.000000,0.000000,0.000000,0.000000,0.000000,0.000000,0.000000,0.000000,0.000000,-1
N01,9,3,0.000000,0.000000,0.000000,0.000000,0.000000,0.000000,0.000000,0.000000,0.570344,0.428616,0.000000,0.000000,0.000000,0.000000,0.000000,0.000000,0.000000,0.000000,0.000000,0.000000,0.000000,0.000000,0.000000,0.000000,-1
N01,9,4,0.000000,0.000000,0.000000,0.000000,0.000000,0.000000,0.000000,0.000000,1.041551,0.000000,0.000000,0.000000,0.000000,0.000000,0.000000,0.000000,0.000000,0.000000,0.000000,0.000000,0.000000,0.000000,0.000000,0.000000,-1
N01,9,5,0.000000,0.000000,0.000000,0.000000,0.000000,0.000000,0.000000,0.000000,1.016924,0.000000,0.000000,0.000000,0.000000,0.000000,0.000000,0.000000,0.000000,0.000000,0.000000,0.000000,0.000000,0.000000,0.000000,0.000000,-1
N01,9,6,0.000000,0.000000,0.000000,0.000000,0.000000,0.000000,0.000000,0.000000,0.997078,0.000000,0.000000,0.000000,0.000000,0.000000,0.000000,0.000000,0.000000,0.000000,0.000000,0.000000,0.000000,0.000000,0.000000,0.000000,-1
N01,9,7,0.000000,0.000000,0.000000,0.000000,0.000000,0.000000,0.000000,0.000000,0.950973,0.000000,0.000000,0.000000,0.000000,0.000000,0.000000,0.000000,0.000000,0.000000,0.000000,0.000000,0.000000,0.000000,0.000000,0.000000,-1
N01,9,8,0.000000,0.000000,0.000000,0.000000,0.000000,0.000000,0.000000,0.000000,1.069442,0.000000,0.000000,0.000000,0.000000,0.000000,0.000000,0.000000,0.000000,0.000000,0.000000,0.000000,0.000000,0.000000,0.000000,0.000000,-1
N01,9,9,0.000000,0.000000,0.000000,0.000000,0.000000,0.000000,0.000000,0.000000,0.947223,0.000000,0.000000,0.000000,0.000000,0.000000,0.000000,0.000000,0.000000,0.000000,0.000000,0.000000,0.000000,0.000000,0.000000,0.000000,-1
N01,9,10,0.000000,0.000000,0.000000,0.000000,0.000000,0.000000,0.000000,0.000000,0.899738,0.035892,0.000000,0.000000,0.000000,0.000000,0.000000,0.000000,0.000000,0.000000,0.000000,0.000000,0.000000,0.000000,0.000000,0.000000,-1
N01,10,1,0.000000,0.211402,0.000000,0.000000,0.000000,0.000000,0.000000,0.000000,0.079638,0.188451,0.374216,0.198015,0.000000,0.000000,0.000000,0.000000,0.000000,0.000000,0.000000,0.000000,0.000000,0.000000,0.000000,0.000000,-1
N01,10,2,0.000000,0.000000,0.000000,0.000000,0.000000,0.000000,0.000000,0.000000,0.032612,0.490749,0.464606,0.000000,0.000000,0.000000,0.000000,0.000000,0.000000,0.000000,0.000000,0.000000,0.000000,0.000000,0.000000,0.000000,-1
N01,10,3,0.000000,0.058225,0.000000,0.000000,0.000000,0.000000,0.000000,0.000000,0.102913,0.496819,0.349939,0.000000,0.000000,0.000000,0.000000,0.000000,0.000000,0.000000,0.000000,0.000000,0.000000,0.000000,0.000000,0.000000,-1
N01,10,4,0.000000,0.184907,0.099144,0.000000,0.000000,0.000000,0.000000,0.000000,0.363524,0.177103,0.225600,0.000000,0.000000,0.000000,0.000000,0.000000,0.000000,0.000000,0.000000,0.000000,0.000000,0.000000,0.000000,0.000000,-1
N01,10,5,0.000000,0.083136,0.097712,0.000000,0.000000,0.000000,0.000000,0.000000,0.754513,0.038554,0.000000,0.000000,0.000000,0.000000,0.000000,0.000000,0.000000,0.000000,0.000000,0.000000,0.000000,0.000000,0.000000,0.000000,-1
N01,10,6,0.000000,0.000000,0.000000,0.000000,0.000000,0.000000,0.000000,0.000000,1.049034,0.000000,0.000000,0.000000,0.000000,0.000000,0.000000,0.000000,0.000000,0.000000,0.000000,0.000000,0.000000,0.000000,0.000000,0.000000,-1
N01,10,7,0.000000,0.000000,0.000000,0.000000,0.133315,0.000000,0.000000,0.000000,0.927918,0.000000,0.000000,0.000000,0.000000,0.000000,0.000000,0.000000,0.000000,0.000000,0.000000,0.000000,0.000000,0.000000,0.000000,0.000000,-1
N01,10,8,0.000000,0.000000,0.000000,0.000000,0.186500,0.000000,0.000000,0.000000,0.843117,0.000000,0.000000,0.000000,0.000000,0.000000,0.000000,0.000000,0.000000,0.000000,0.000000,0.000000,0.000000,0.000000,0.000000,0.000000,-1
N01,11,1,0.000000,0.883498,0.000000,0.000000,0.000000,0.000000,0.000000,0.000000,0.000000,0.109226,0.000000,0.000000,0.000000,0.000000,0.000000,0.000000,0.000000,0.000000,0.000000,0.000000,0.000000,0.000000,0.000000,0.000000,-1
N01,11,2,0.000000,0.390282,0.000000,0.000000,0.000000,0.000000,0.000000,0.000000,0.090214,0.175380,0.282247,0.087319,0.000000,0.000000,0.000000,0.000000,0.000000,0.000000,0.000000,0.000000,0.000000,0.000000,0.000000,0.000000,-1
N01,11,3,0.000000,0.000000,0.000000,0.000000,0.000000,0.000000,0.000000,0.053058,0.183820,0.381681,0.250479,0.116270,0.000000,0.000000,0.000000,0.000000,0.000000,0.000000,0.000000,0.000000,0.000000,0.000000,0.000000,0.000000,-1
N01,11,4,0.000000,0.000000,0.000000,0.000000,0.000000,0.000000,0.000000,0.022875,0.622088,0.346182,0.000000,0.000000,0.000000,0.000000,0.000000,0.000000,0.000000,0.000000,0.000000,0.000000,0.000000,0.000000,0.000000,0.000000,-1
N01,11,5,0.000000,0.000000,0.000000,0.000000,0.000000,0.000000,0.000000,0.244222,0.687086,0.000000,0.000000,0.000000,0.000000,0.000000,0.000000,0.000000,0.000000,0.000000,0.000000,0.000000,0.000000,0.000000,0.000000,0.000000,-1
N01,11,6,0.000000,0.000000,0.000000,0.000000,0.000000,0.000000,0.000000,0.335259,0.729299,0.000000,0.000000,0.000000,0.000000,0.000000,0.000000,0.000000,0.000000,0.000000,0.000000,0.000000,0.000000,0.000000,0.000000,0.000000,-1
N01,11,7,0.000000,0.000000,0.000000,0.000000,0.000000,0.000000,0.000000,0.000000,1.027446,0.000000,0.000000,0.000000,0.000000,0.000000,0.000000,0.000000,0.000000,0.000000,0.000000,0.000000,0.000000,0.000000,0.000000,0.000000,-1
N01,11,8,0.000000,0.000000,0.000000,0.000000,0.000000,0.000000,0.000000,0.000000,1.041620,0.000000,0.000000,0.000000,0.000000,0.000000,0.000000,0.000000,0.000000,0.000000,0.000000,0.000000,0.000000,0.000000,0.000000,0.000000,-1
N01,11,9,0.000000,0.000000,0.000000,0.000000,0.000000,0.000000,0.000000,0.000000,1.008965,0.000000,0.000000,0.000000,0.000000,0.000000,0.000000,0.000000,0.000000,0.000000,0.000000,0.000000,0.000000,0.000000,0.000000,0.000000,-1
N01,11,10,0.000000,0.000000,0.000000,0.000000,0.000000,0.000000,0.000000,0.000000,0.973164,0.000000,0.000000,0.000000,0.000000,0.000000,0.000000,0.000000,0.000000,0.000000,0.000000,0.000000,0.000000,0.000000,0.000000,0.000000,-1
N01,11,11,0.000000,0.000000,0.000000,0.000000,0.000000,0.000000,0.000000,0.000000,0.988937,0.000000,0.000000,0.000000,0.000000,0.000000,0.000000,0.000000,0.000000,0.000000,0.000000,0.000000,0.000000,0.000000,0.000000,0.000000,-1
N01,11,12,0.000000,0.000000,0.000000,0.000000,0.000000,0.000000,0.000000,0.000000,0.949895,0.000000,0.000000,0.000000,0.000000,0.000000,0.000000,0.000000,0.000000,0.000000,0.000000,0.000000,0.000000,0.000000,0.000000,0.000000,-1
N01,11,13,0.000000,0.000000,0.000000,0.000000,0.000000,0.000000,0.000000,0.000000,1.008005,0.000000,0.000000,0.000000,0.000000,0.000000,0.000000,0.000000,0.000000,0.000000,0.000000,0.000000,0.000000,0.000000,0.000000,0.000000,-1
N01,12,1,0.000000,0.000000,0.000000,0.000000,0.222325,0.000000,0.000000,0.166428,0.000000,0.000000,0.019256,0.217815,0.418418,0.000000,0.000000,0.000000,0.000000,0.000000,0.000000,0.000000,0.000000,0.000000,0.000000,0.000000,-1
N01,12,2,0.000000,0.000000,0.000000,0.000000,0.000000,0.000000,0.000000,0.000000,0.000000,0.000000,0.000000,0.128368,0.892781,0.000000,0.000000,0.000000,0.000000,0.000000,0.000000,0.000000,0.000000,0.000000,0.000000,0.000000,-1
N01,12,3,0.000000,0.000000,0.000000,0.000000,0.000000,0.000000,0.000000,0.000000,0.000000,0.000000,0.000000,0.345472,0.692697,0.000000,0.000000,0.000000,0.000000,0.000000,0.000000,0.000000,0.000000,0.000000,0.000000,0.000000,-1
N01,12,4,0.000000,0.000000,0.000000,0.000000,0.000000,0.000000,0.000000,0.000000,0.000000,0.000000,0.000000,0.873748,0.168691,0.000000,0.000000,0.000000,0.000000,0.000000,0.000000,0.000000,0.000000,0.000000,0.000000,0.000000,-1
N01,12,5,0.000000,0.000000,0.000000,0.000000,0.000000,0.000000,0.000000,0.000000,0.000000,0.000000,0.000000,0.944555,0.000000,0.000000,0.000000,0.000000,0.000000,0.000000,0.000000,0.000000,0.000000,0.000000,0.000000,0.000000,-1
N01,12,6,0.000000,0.000000,0.000000,0.000000,0.000000,0.000000,0.000000,0.000000,0.000000,0.000000,0.000000,1.024425,0.000000,0.000000,0.000000,0.000000,0.000000,0.000000,0.000000,0.000000,0.000000,0.000000,0.000000,0.000000,-1
N01,12,7,0.000000,0.000000,0.000000,0.000000,0.000000,0.000000,0.000000,0.000000,0.000000,0.000000,0.000000,0.935378,0.000000,0.000000,0.000000,0.000000,0.000000,0.000000,0.000000,0.000000,0.000000,0.000000,0.000000,0.000000,-1
N01,12,8,0.000000,0.000000,0.000000,0.000000,0.000000,0.000000,0.000000,0.000000,0.000000,0.000000,0.382339,0.631820,0.000000,0.000000,0.000000,0.000000,0.000000,0.000000,0.000000,0.000000,0.000000,0.000000,0.000000,0.000000,-1
N01,12,9,0.000000,0.000000,0.000000,0.115831,0.000000,0.000000,0.000000,0.000000,0.000000,0.000000,0.846412,0.104812,0.000000,0.000000,0.000000,0.000000,0.000000,0.000000,0.000000,0.000000,0.000000,0.000000,0.000000,0.000000,-1
N01,12,10,0.000000,0.000000,0.000000,0.103443,0.000000,0.000000,0.000000,0.000000,0.000000,0.000000,0.876056,0.000000,0.000000,0.000000,0.000000,0.000000,0.000000,0.000000,0.000000,0.000000,0.000000,0.000000,0.000000,0.000000,-1
N01,12,11,0.000000,0.000000,0.000000,0.072412,0.000000,0.000000,0.000000,0.000000,0.000000,0.000000,0.951326,0.000000,0.000000,0.000000,0.000000,0.000000,0.000000,0.000000,0.000000,0.000000,0.000000,0.000000,0.000000,0.000000,-1
N01,13,1,0.000000,0.132551,0.000000,0.000000,0.000000,0.000000,0.000000,0.000000,0.000000,0.082671,0.097394,0.188789,0.461886,0.000000,0.000000,0.000000,0.080514,0.000000,0.000000,0.000000,0.000000,0.000000,0.000000,0.000000,-1
N01,13,2,0.000000,0.000000,0.000000,0.000000,0.000000,0.000000,0.000000,0.000000,0.000000,0.000000,0.000000,0.000000,0.988831,0.000000,0.000000,0.000000,0.000000,0.000000,0.000000,0.000000,0.000000,0.000000,0.000000,0.000000,-1
N01,13,3,0.000000,0.000000,0.000000,0.000000,0.000000,0.000000,0.000000,0.000000,0.000000,0.000000,0.000000,0.000000,1.016299,0.000000,0.000000,0.000000,0.000000,0.000000,0.000000,0.000000,0.000000,0.000000,0.000000,0.000000,-1
N01,13,4,0.000000,0.000000,0.000000,0.000000,0.000000,0.000000,0.000000,0.000000,0.000000,0.000000,0.000000,0.000000,0.978176,0.000000,0.000000,0.000000,0.000000,0.000000,0.000000,0.000000,0.000000,0.000000,0.000000,0.000000,-1
N01,13,5,0.000000,0.000000,0.000000,0.000000,0.000000,0.000000,0.000000,0.000000,0.000000,0.000000,0.000000,0.222386,0.781157,0.000000,0.000000,0.000000,0.000000,0.000000,0.000000,0.000000,0.000000,0.000000,0.000000,0.000000,-1
N01,13,6,0.000000,0.000000,0.000000,0.000000,0.000000,0.000000,0.000000,0.000000,0.000000,0.000000,0.000000,0.678876,0.272437,0.000000,0.000000,0.000000,0.000000,0.000000,0.000000,0.000000,0.000000,0.000000,0.000000,0.000000,-1
N01,13,7,0.000000,0.000000,0.000000,0.000000,0.000000,0.000000,0.000000,0.000000,0.000000,0.000000,0.094484,0.902256,0.000000,0.000000,0.000000,0.000000,0.000000,0.000000,0.000000,0.000000,0.000000,0.000000,0.000000,0.000000,-1
N01,13,8,0.000000,0.000000,0.000000,0.000000,0.000000,0.000000,0.000000,0.000000,0.000000,0.000000,0.614228,0.385418,0.000000,0.000000,0.000000,0.000000,0.000000,0.000000,0.000000,0.000000,0.000000,0.000000,0.000000,0.000000,-1
N01,13,9,0.000000,0.000000,0.000000,0.000000,0.000000,0.214503,0.000000,0.000000,0.000000,0.000000,0.861498,0.000000,0.000000,0.000000,0.000000,0.000000,0.000000,0.000000,0.000000,0.000000,0.000000,0.000000,0.000000,0.000000,-1
N01,13,10,0.000000,0.000000,0.000000,0.000000,0.000000,0.152935,0.000000,0.000000,0.000000,0.250378,0.557177,0.000000,0.000000,0.000000,0.000000,0.000000,0.000000,0.000000,0.000000,0.000000,0.000000,0.000000,0.000000,0.000000,-1
N01,13,11,0.000000,0.000000,0.000000,0.000000,0.000000,0.000000,0.000000,0.000000,0.000000,0.627039,0.410590,0.000000,0.000000,0.000000,0.000000,0.000000,0.000000,0.000000,0.000000,0.000000,0.000000,0.000000,0.000000,0.000000,-1
N01,14,1,0.000000,0.000000,0.000000,0.000000,0.000000,0.000000,0.000000,0.000000,0.267133,0.164704,0.168898,0.320548,0.067965,0.000000,0.000000,0.000000,0.000000,0.000000,0.000000,0.000000,0.000000,0.000000,0.000000,0.000000,-1
N01,14,2,0.000000,0.000000,0.000000,0.000000,0.000000,0.000000,0.000000,0.241149,0.256756,0.105602,0.054262,0.196212,0.088195,0.000000,0.000000,0.000000,0.000000,0.000000,0.000000,0.000000,0.000000,0.000000,0.000000,0.000000,-1
N01,14,3,0.000000,0.000000,0.000000,0.000000,0.000000,0.000000,0.000000,0.755281,0.225917,0.000000,0.000000,0.000000,0.000000,0.000000,0.000000,0.000000,0.000000,0.000000,0.000000,0.000000,0.000000,0.000000,0.000000,0.000000,-1
N01,14,4,0.000000,0.000000,0.000000,0.000000,0.000000,0.000000,0.000000,0.966005,0.000000,0.000000,0.000000,0.000000,0.000000,0.000000,0.000000,0.000000,0.000000,0.000000,0.000000,0.000000,0.000000,0.000000,0.000000,0.000000,-1
N01,14,5,0.000000,0.000000,0.000000,0.000000,0.000000,0.000000,0.000000,0.856339,0.132918,0.000000,0.000000,0.000000,0.000000,0.000000,0.000000,0.000000,0.000000,0.000000,0.000000,0.000000,0.000000,0.000000,0.000000,0.000000,-1
N01,14,6,0.000000,0.000000,0.000000,0.000000,0.000000,0.000000,0.000000,0.432952,0.614634,0.000000,0.000000,0.000000,0.000000,0.000000,0.000000,0.000000,0.000000,0.000000,0.000000,0.000000,0.000000,0.000000,0.000000,0.000000,-1
N01,14,7,0.000000,0.000000,0.000000,0.000000,0.000000,0.000000,0.000000,0.000000,1.027940,0.000000,0.000000,0.000000,0.000000,0.000000,0.000000,0.000000,0.000000,0.000000,0.000000,0.000000,0.000000,0.000000,0.000000,0.000000,-1
N01,14,8,0.000000,0.000000,0.000000,0.000000,0.000000,0.000000,0.000000,0.000000,1.018287,0.000000,0.000000,0.000000,0.000000,0.000000,0.000000,0.000000,0.000000,0.000000,0.000000,0.000000,0.000000,0.000000,0.000000,0.000000,-1
N01,14,9,0.000000,0.000000,0.000000,0.000000,0.000000,0.000000,0.000000,0.000000,0.989703,0.000000,0.000000,0.000000,0.000000,0.000000,0.000000,0.000000,0.000000,0.000000,0.000000,0.000000,0.000000,0.000000,0.000000,0.000000,-1
N01,14,10,0.000000,0.000000,0.000000,0.000000,0.000000,0.000000,0.000000,0.000000,1.002201,0.000000,0.000000,0.000000,0.000000,0.000000,0.000000,0.000000,0.000000,0.000000,0.000000,0.000000,0.000000,0.000000,0.000000,0.000000,-1
N01,14,11,0.000000,0.000000,0.000000,0.000000,0.000000,0.000000,0.000000,0.000000,0.530787,0.477533,0.000000,0.000000,0.000000,0.000000,0.000000,0.000000,0.000000,0.000000,0.000000,0.000000,0.000000,0.000000,0.000000,0.000000,-1
N01,15,1,0.000000,0.000000,0.000000,0.000000,0.000000,0.000000,0.000000,0.000000,0.252102,0.031351,0.087557,0.339069,0.339046,0.000000,0.000000,0.000000,0.000000,0.000000,0.000000,0.000000,0.000000,0.000000,0.000000,0.000000,-1
N01,15,2,0.000000,0.000000,0.000000,0.000000,0.000000,0.000000,0.000000,0.000000,0.680273,0.000000,0.000000,0.189718,0.142166,0.000000,0.000000,0.000000,0.000000,0.000000,0.000000,0.000000,0.000000,0.000000,0.000000,0.000000,-1
N01,15,3,0.000000,0.000000,0.000000,0.000000,0.000000,0.000000,0.000000,0.000000,0.990883,0.000000,0.000000,0.000000,0.000000,0.000000,0.000000,0.000000,0.000000,0.000000,0.000000,0.000000,0.000000,0.000000,0.000000,0.000000,-1
N01,15,4,0.000000,0.000000,0.000000,0.000000,0.000000,0.000000,0.000000,0.000000,0.967146,0.002855,0.000000,0.000000,0.000000,0.000000,0.000000,0.000000,0.000000,0.000000,0.000000,0.000000,0.000000,0.000000,0.000000,0.000000,-1
N01,15,5,0.000000,0.000000,0.000000,0.000000,0.000000,0.000000,0.000000,0.000000,0.424430,0.568507,0.000000,0.000000,0.000000,0.000000,0.000000,0.000000,0.000000,0.000000,0.000000,0.000000,0.000000,0.000000,0.000000,0.000000,-1
N01,15,6,0.000000,0.000000,0.000000,0.000000,0.000000,0.000000,0.000000,0.000000,0.000000,0.927218,0.066261,0.000000,0.000000,0.000000,0.000000,0.000000,0.000000,0.000000,0.000000,0.000000,0.000000,0.000000,0.000000,0.000000,-1
N01,16,1,0.000000,0.305385,0.000000,0.000000,0.000000,0.000000,0.000000,0.000000,0.000000,0.000000,0.000000,0.000000,0.000000,0.000000,0.000000,0.000000,0.000000,0.000000,0.322157,0.117574,0.173383,0.065527,0.000000,0.000000,-1
N01,16,2,0.000000,0.000000,0.000000,0.000000,0.000000,0.000000,0.000000,0.000000,0.000000,0.000000,0.000000,0.000000,0.000000,0.000000,0.000000,0.000000,0.000000,0.202301,0.302708,0.146588,0.141944,0.196479,0.000000,0.000000,-1
N01,16,3,0.000000,0.000000,0.000000,0.000000,0.000000,0.000000,0.000000,0.000000,0.000000,0.000000,0.000000,0.000000,0.000000,0.000000,0.000000,0.000000,0.000000,0.663110,0.147989,0.043513,0.000000,0.168930,0.000000,0.000000,-1
N01,16,4,0.000000,0.000000,0.000000,0.000000,0.000000,0.000000,0.000000,0.000000,0.000000,0.000000,0.000000,0.000000,0.000000,0.000000,0.000000,0.000000,0.000000,0.854390,0.177100,0.000000,0.000000,0.000000,0.000000,0.000000,-1
N01,16,5,0.000000,0.000000,0.000000,0.000000,0.000000,0.000000,0.000000,0.000000,0.000000,0.000000,0.000000,0.000000,0.000000,0.000000,0.000000,0.000000,0.000000,0.323875,0.621220,0.000000,0.000000,0.000000,0.000000,0.000000,-1
N01,16,6,0.000000,0.000000,0.000000,0.000000,0.000000,0.000000,0.000000,0.000000,0.000000,0.000000,0.000000,0.000000,0.000000,0.000000,0.000000,0.000000,0.000000,0.000000,1.027716,0.000000,0.000000,0.000000,0.000000,0.000000,-1
N01,16,7,0.000000,0.000000,0.000000,0.000000,0.000000,0.000000,0.000000,0.000000,0.000000,0.000000,0.000000,0.000000,0.000000,0.000000,0.000000,0.000000,0.000000,0.000000,0.891551,0.121497,0.000000,0.000000,0.000000,0.000000,-1
N01,16,8,0.000000,0.000000,0.000000,0.000000,0.000000,0.000000,0.000000,0.000000,0.000000,0.000000,0.000000,0.000000,0.000000,0.000000,0.000000,0.000000,0.000000,0.000000,0.377283,0.617326,0.000000,0.000000,0.000000,0.000000,-1
N01,17,1,0.000000,0.000000,0.000000,0.000000,0.000000,0.000000,0.000000,0.310738,0.320128,0.118500,0.027411,0.301268,0.000000,0.000000,0.000000,0.000000,0.000000,0.000000,0.000000,0.000000,0.000000,0.000000,0.000000,0.000000,-1
N01,17,2,0.000000,0.000000,0.000000,0.000000,0.000000,0.000000,0.000000,0.698449,0.000000,0.000000,0.000000,0.321293,0.000000,0.000000,0.000000,0.000000,0.000000,0.000000,0.000000,0.000000,0.000000,0.000000,0.000000,0.000000,-1
N01,17,3,0.000000,0.000000,0.000000,0.000000,0.000000,0.000000,0.000000,0.988517,0.000000,0.000000,0.000000,0.000000,0.000000,0.000000,0.000000,0.000000,0.000000,0.000000,0.000000,0.000000,0.000000,0.000000,0.000000,0.000000,-1
N01,17,4,0.000000,0.000000,0.000000,0.000000,0.000000,0.000000,0.000000,0.730540,0.295308,0.000000,0.000000,0.000000,0.000000,0.000000,0.000000,0.000000,0.000000,0.000000,0.000000,0.000000,0.000000,0.000000,0.000000,0.000000,-1
N01,17,5,0.000000,0.000000,0.000000,0.000000,0.000000,0.000000,0.000000,0.233853,0.740114,0.000000,0.000000,0.000000,0.000000,0.000000,0.000000,0.000000,0.000000,0.000000,0.000000,0.000000,0.000000,0.000000,0.000000,0.000000,-1
N01,17,6,0.000000,0.000000,0.000000,0.000000,0.000000,0.000000,0.000000,0.000000,0.988089,0.000000,0.000000,0.000000,0.000000,0.000000,0.000000,0.000000,0.000000,0.000000,0.000000,0.000000,0.000000,0.000000,0.000000,0.000000,-1
N01,18,1,0.000000,0.000000,0.000000,0.000000,0.000000,0.000000,0.492381,0.068829,0.000000,0.000000,0.000000,0.178146,0.057712,0.000000,0.000000,0.000000,0.000000,0.214752,0.000000,0.000000,0.000000,0.000000,0.000000,0.000000,-1
N01,18,2,0.000000,0.000000,0.000000,0.000000,0.000000,0.000000,0.573044,0.242620,0.236057,0.000000,0.000000,0.000000,0.000000,0.000000,0.000000,0.000000,0.000000,0.000000,0.000000,0.000000,0.000000,0.000000,0.000000,0.000000,-1
N01,18,3,0.000000,0.000000,0.000000,0.000000,0.000000,0.000000,0.017082,0.243577,0.713723,0.000000,0.000000,0.000000,0.000000,0.000000,0.000000,0.000000,0.000000,0.000000,0.000000,0.000000,0.000000,0.000000,0.000000,0.000000,-1
N01,18,4,0.000000,0.000000,0.000000,0.000000,0.000000,0.000000,0.000000,0.000000,1.006368,0.000000,0.000000,0.000000,0.000000,0.000000,0.000000,0.000000,0.000000,0.000000,0.000000,0.000000,0.000000,0.000000,0.000000,0.000000,-1
N01,18,5,0.000000,0.000000,0.000000,0.000000,0.000000,0.000000,0.000000,0.155383,0.825936,0.000000,0.000000,0.000000,0.000000,0.000000,0.000000,0.000000,0.000000,0.000000,0.000000,0.000000,0.000000,0.000000,0.000000,0.000000,-1
N01,18,6,0.000000,0.000000,0.000000,0.000000,0.000000,0.000000,0.000000,0.453729,0.531722,0.000000,0.000000,0.000000,0.000000,0.000000,0.000000,0.000000,0.000000,0.000000,0.000000,0.000000,0.000000,0.000000,0.000000,0.000000,-1
N01,18,7,0.000000,0.000000,0.000000,0.000000,0.000000,0.000000,0.000000,0.321437,0.650924,0.000000,0.000000,0.000000,0.000000,0.000000,0.000000,0.000000,0.000000,0.000000,0.000000,0.000000,0.000000,0.000000,0.000000,0.000000,-1
N01,18,8,0.000000,0.000000,0.000000,0.000000,0.000000,0.000000,0.000000,0.000000,1.023811,0.000000,0.000000,0.000000,0.000000,0.000000,0.000000,0.000000,0.000000,0.000000,0.000000,0.000000,0.000000,0.000000,0.000000,0.000000,-1
N01,19,1,0.000000,0.000000,0.000000,0.000000,0.000000,0.000000,0.416125,0.000000,0.091541,0.000000,0.000000,0.059556,0.149020,0.075756,0.203934,0.026466,0.000000,0.000000,0.000000,0.000000,0.000000,0.000000,0.000000,0.000000,-1
N01,19,2,0.000000,0.000000,0.000000,0.000000,0.000000,0.000000,0.428720,0.452521,0.000000,0.000000,0.000000,0.064062,0.052104,0.000000,0.000000,0.000000,0.000000,0.000000,0.000000,0.000000,0.000000,0.000000,0.000000,0.000000,-1
N01,19,3,0.000000,0.000000,0.000000,0.000000,0.000000,0.000000,0.045125,0.937973,0.000000,0.000000,0.000000,0.000000,0.000000,0.000000,0.000000,0.000000,0.000000,0.000000,0.000000,0.000000,0.000000,0.000000,0.000000,0.000000,-1
N01,19,4,0.000000,0.000000,0.000000,0.000000,0.000000,0.000000,0.000000,1.000733,0.000000,0.000000,0.000000,0.000000,0.000000,0.000000,0.000000,0.000000,0.000000,0.000000,0.000000,0.000000,0.000000,0.000000,0.000000,0.000000,-1
N01,19,5,0.000000,0.000000,0.000000,0.000000,0.000000,0.000000,0.000000,1.004518,0.000000,0.000000,0.000000,0.000000,0.000000,0.000000,0.000000,0.000000,0.000000,0.000000,0.000000,0.000000,0.000000,0.000000,0.000000,0.000000,-1
N01,19,6,0.000000,0.000000,0.000000,0.000000,0.000000,0.000000,0.000000,0.984996,0.000000,0.000000,0.000000,0.000000,0.000000,0.000000,0.000000,0.000000,0.000000,0.000000,0.000000,0.000000,0.000000,0.000000,0.000000,0.000000,-1
N01,20,1,0.000000,0.000000,0.000000,0.000000,0.000000,0.000000,0.170767,0.818361,0.055887,0.000000,0.000000,0.000000,0.000000,0.000000,0.000000,0.000000,0.000000,0.000000,0.000000,0.000000,0.000000,0.000000,0.000000,0.000000,-1
N01,20,2,0.000000,0.000000,0.000000,0.000000,0.000000,0.000000,0.000000,1.026733,0.000000,0.000000,0.000000,0.000000,0.000000,0.000000,0.000000,0.000000,0.000000,0.000000,0.000000,0.000000,0.000000,0.000000,0.000000,0.000000,-1
N01,20,3,0.000000,0.000000,0.000000,0.000000,0.000000,0.000000,0.000000,0.996930,0.000000,0.000000,0.000000,0.000000,0.000000,0.000000,0.000000,0.000000,0.000000,0.000000,0.000000,0.000000,0.000000,0.000000,0.000000,0.000000,-1
N01,20,4,0.000000,0.000000,0.000000,0.000000,0.000000,0.000000,0.000000,0.999699,0.000000,0.000000,0.000000,0.000000,0.000000,0.000000,0.000000,0.000000,0.000000,0.000000,0.000000,0.000000,0.000000,0.000000,0.000000,0.000000,-1
N01,20,5,0.000000,0.000000,0.000000,0.000000,0.000000,0.000000,0.000000,1.004718,0.000000,0.000000,0.000000,0.000000,0.000000,0.000000,0.000000,0.000000,0.000000,0.000000,0.000000,0.000000,0.000000,0.000000,0.000000,0.000000,-1
N01,20,6,0.000000,0.000000,0.000000,0.000000,0.000000,0.000000,0.000000,1.012864,0.000000,0.000000,0.000000,0.000000,0.000000,0.000000,0.000000,0.000000,0.000000,0.000000,0.000000,0.000000,0.000000,0.000000,0.000000,0.000000,-1
N01,20,7,0.000000,0.000000,0.000000,0.000000,0.000000,0.000000,0.000000,0.989709,0.000000,0.000000,0.000000,0.000000,0.000000,0.000000,0.000000,0.000000,0.000000,0.000000,0.000000,0.000000,0.000000,0.000000,0.000000,0.000000,-1
N01,20,8,0.000000,0.000000,0.000000,0.000000,0.000000,0.000000,0.382102,0.625656,0.000000,0.000000,0.000000,0.000000,0.000000,0.000000,0.000000,0.000000,0.000000,0.000000,0.000000,0.000000,0.000000,0.000000,0.000000,0.000000,-1
N01,20,9,0.000000,0.000000,0.000000,0.000000,0.000000,0.000000,0.881247,0.116519,0.000000,0.000000,0.000000,0.000000,0.000000,0.000000,0.000000,0.000000,0.000000,0.000000,0.000000,0.000000,0.000000,0.000000,0.000000,0.000000,-1
N01,20,10,0.000000,0.000000,0.000000,0.000000,0.000000,0.000000,1.010583,0.000000,0.000000,0.000000,0.000000,0.000000,0.000000,0.000000,0.000000,0.000000,0.000000,0.000000,0.000000,0.000000,0.000000,0.000000,0.000000,0.000000,-1
N01,20,11,0.000000,0.000000,0.000000,0.000000,0.000000,0.000000,1.020770,0.000000,0.000000,0.000000,0.000000,0.000000,0.000000,0.000000,0.000000,0.000000,0.000000,0.000000,0.000000,0.000000,0.000000,0.000000,0.000000,0.000000,-1
N01,20,12,0.000000,0.000000,0.000000,0.000000,0.000000,0.000000,0.994242,0.000000,0.000000,0.000000,0.000000,0.000000,0.000000,0.000000,0.000000,0.000000,0.000000,0.000000,0.000000,0.000000,0.000000,0.000000,0.000000,0.000000,-1
N01,20,13,0.000000,0.000000,0.000000,0.000000,0.000000,0.000000,1.011038,0.000000,0.000000,0.000000,0.000000,0.000000,0.000000,0.000000,0.000000,0.000000,0.000000,0.000000,0.000000,0.000000,0.000000,0.000000,0.000000,0.000000,-1
N01,20,14,0.000000,0.000000,0.000000,0.000000,0.000000,0.000000,1.024812,0.000000,0.000000,0.000000,0.000000,0.000000,0.000000,0.000000,0.000000,0.000000,0.000000,0.000000,0.000000,0.000000,0.000000,0.000000,0.000000,0.000000,-1
N01,21,1,0.000000,0.000000,0.000000,0.000000,0.000000,0.000000,0.000000,0.142063,0.203945,0.228663,0.152235,0.206253,0.157255,0.000000,0.000000,0.000000,0.000000,0.000000,0.000000,0.000000,0.000000,0.000000,0.000000,0.000000,-1
N01,21,2,0.000000,0.000000,0.000000,0.000000,0.000000,0.000000,0.000000,0.259417,0.437519,0.092205,0.070342,0.153784,0.000000,0.000000,0.000000,0.000000,0.000000,0.000000,0.000000,0.000000,0.000000,0.000000,0.000000,0.000000,-1
N01,21,3,0.000000,0.000000,0.000000,0.000000,0.000000,0.000000,0.000000,0.723690,0.195855,0.000000,0.000000,0.000000,0.052168,0.000000,0.000000,0.000000,0.000000,0.000000,0.000000,0.000000,0.000000,0.000000,0.000000,0.000000,-1
N01,21,4,0.000000,0.000000,0.000000,0.000000,0.000000,0.000000,0.000000,0.962165,0.000000,0.000000,0.000000,0.000000,0.077515,0.000000,0.000000,0.000000,0.000000,0.000000,0.000000,0.000000,0.000000,0.000000,0.000000,0.000000,-1
N01,21,5,0.000000,0.000000,0.000000,0.000000,0.000000,0.000000,0.000000,0.990552,0.000000,0.000000,0.000000,0.000000,0.000000,0.000000,0.000000,0.000000,0.000000,0.000000,0.000000,0.000000,0.000000,0.000000,0.000000,0.000000,-1
N01,21,6,0.000000,0.000000,0.000000,0.000000,0.000000,0.000000,0.000000,0.990388,0.000000,0.000000,0.000000,0.000000,0.000000,0.000000,0.000000,0.000000,0.000000,0.000000,0.000000,0.000000,0.000000,0.000000,0.000000,0.000000,-1
N01,21,7,0.000000,0.000000,0.000000,0.000000,0.000000,0.000000,0.000000,0.947046,0.000000,0.000000,0.000000,0.000000,0.000000,0.000000,0.000000,0.000000,0.000000,0.000000,0.000000,0.000000,0.000000,0.000000,0.000000,0.000000,-1
N01,21,8,0.000000,0.000000,0.000000,0.000000,0.000000,0.000000,0.000000,0.980120,0.000000,0.000000,0.000000,0.000000,0.000000,0.000000,0.000000,0.000000,0.000000,0.000000,0.000000,0.000000,0.000000,0.000000,0.000000,0.000000,-1
N01,22,1,0.000000,0.000000,0.000000,0.000000,0.000000,0.000000,0.500549,0.159724,0.186275,0.114202,0.098613,0.000000,0.000000,0.000000,0.000000,0.000000,0.000000,0.000000,0.000000,0.000000,0.000000,0.000000,0.000000,0.000000,-1
N01,22,2,0.000000,0.000000,0.000000,0.000000,0.000000,0.288374,0.655733,0.059086,0.000000,0.000000,0.000000,0.000000,0.000000,0.000000,0.000000,0.000000,0.000000,0.000000,0.000000,0.000000,0.000000,0.000000,0.000000,0.000000,-1
N01,22,3,0.000000,0.000000,0.000000,0.000000,0.000000,0.504876,0.472127,0.000000,0.000000,0.000000,0.000000,0.000000,0.000000,0.000000,0.000000,0.000000,0.000000,0.000000,0.000000,0.000000,0.000000,0.000000,0.000000,0.000000,-1
N01,22,4,0.000000,0.000000,0.000000,0.000000,0.000000,0.710186,0.309528,0.000000,0.000000,0.000000,0.000000,0.000000,0.000000,0.000000,0.000000,0.000000,0.000000,0.000000,0.000000,0.000000,0.000000,0.000000,0.000000,0.000000,-1
N01,23,1,0.000000,0.000000,0.000000,0.000000,0.452790,0.000000,0.128664,0.000000,0.000000,0.111701,0.349362,0.036469,0.000000,0.000000,0.000000,0.000000,0.000000,0.000000,0.000000,0.000000,0.000000,0.000000,0.000000,0.000000,-1
N01,23,2,0.000000,0.000000,0.000000,0.000000,0.350134,0.000000,0.174604,0.218693,0.068558,0.067730,0.110995,0.078839,0.000000,0.000000,0.000000,0.000000,0.000000,0.000000,0.000000,0.000000,0.000000,0.000000,0.000000,0.000000,-1
N01,23,3,0.000000,0.000000,0.000000,0.000000,0.000000,0.000000,0.670758,0.296066,0.089075,0.050292,0.000000,0.000000,0.000000,0.000000,0.000000,0.000000,0.000000,0.000000,0.000000,0.000000,0.000000,0.000000,0.000000,0.000000,-1
N01,24,1,0.000000,0.000000,0.025120,0.295120,0.208150,0.136863,0.219930,0.000000,0.069194,0.000000,0.000000,0.000000,0.000000,0.000000,0.000000,0.000000,0.000000,0.000000,0.000000,0.000000,0.000000,0.000000,0.000000,0.000000,-1
N01,24,2,0.000000,0.000000,0.000000,0.215883,0.193081,0.445241,0.167454,0.000000,0.000000,0.000000,0.000000,0.000000,0.000000,0.000000,0.000000,0.000000,0.000000,0.000000,0.000000,0.000000,0.000000,0.000000,0.000000,0.000000,-1
N01,25,1,0.000000,0.000000,0.000000,0.161928,0.093792,0.000000,0.498321,0.145428,0.000000,0.000000,0.000000,0.000000,0.000000,0.042791,0.080301,0.000000,0.000000,0.000000,0.000000,0.000000,0.000000,0.000000,0.000000,0.000000,-1
N01,26,1,0.000000,0.000000,0.000000,0.201935,0.000000,0.000000,0.503774,0.233140,0.000000,0.000000,0.071663,0.000000,0.000000,0.000000,0.000000,0.000000,0.000000,0.000000,0.000000,0.000000,0.000000,0.000000,0.000000,0.000000,-1
N01,27,1,0.000000,0.000000,0.000000,0.436683,0.325270,0.063642,0.000000,0.007447,0.074593,0.000000,0.000000,0.000000,0.000000,0.000000,0.000000,0.000000,0.000000,0.000000,0.000000,0.000000,0.000000,0.000000,0.000000,0.000000,-1
N01,27,2,0.000000,0.000000,0.000000,0.378856,0.330281,0.074798,0.000000,0.099347,0.113058,0.025047,0.000000,0.000000,0.000000,0.000000,0.000000,0.000000,0.000000,0.000000,0.000000,0.000000,0.000000,0.000000,0.000000,0.000000,-1
N01,27,3,0.000000,0.000000,0.000000,0.222465,0.152736,0.088357,0.153238,0.170418,0.131006,0.059114,0.000000,0.000000,0.000000,0.000000,0.000000,0.000000,0.000000,0.000000,0.000000,0.000000,0.000000,0.000000,0.000000,0.000000,-1
N01,27,4,0.000000,0.000000,0.000000,0.000000,0.000000,0.543235,0.183127,0.131259,0.113577,0.000000,0.000000,0.000000,0.000000,0.000000,0.000000,0.000000,0.000000,0.000000,0.000000,0.000000,0.000000,0.000000,0.000000,0.000000,-1
N01,28,1,0.000000,0.000000,0.000000,0.000000,0.746014,0.000000,0.000000,0.000000,0.000000,0.000000,0.000000,0.064571,0.138572,0.000000,0.000000,0.000000,0.000000,0.072667,0.076359,0.000000,0.000000,0.000000,0.000000,0.000000,-1
N01,28,2,0.000000,0.000000,0.000000,0.000000,0.356850,0.000000,0.515070,0.000000,0.000000,0.000000,0.000000,0.000000,0.000000,0.000000,0.000000,0.000000,0.000000,0.071586,0.052451,0.000000,0.000000,0.000000,0.000000,0.000000,-1
N01,29,1,0.000000,0.000000,0.000000,0.000000,0.484335,0.380769,0.000000,0.000000,0.000000,0.117073,0.000000,0.000000,0.000000,0.000000,0.000000,0.000000,0.000000,0.000000,0.000000,0.000000,0.000000,0.000000,0.000000,0.000000,-1
N01,29,2,0.000000,0.000000,0.000000,0.000000,0.220241,0.428648,0.251143,0.000000,0.000000,0.116256,0.000000,0.000000,0.000000,0.000000,0.000000,0.000000,0.000000,0.000000,0.000000,0.000000,0.000000,0.000000,0.000000,0.000000,-1
N01,29,3,0.000000,0.000000,0.000000,0.000000,0.000000,0.260774,0.665890,0.000000,0.000000,-0.010379,0.000000,0.000000,0.000000,0.000000,0.000000,0.000000,0.000000,0.000000,0.000000,0.000000,0.000000,0.000000,0.000000,0.000000,-1
N01,29,4,0.000000,0.000000,0.000000,0.000000,0.000000,0.000000,0.939965,0.000000,0.000000,0.068045,0.000000,0.000000,0.000000,0.000000,0.000000,0.000000,0.000000,0.000000,0.000000,0.000000,0.000000,0.000000,0.000000,0.000000,-1
N01,29,5,0.000000,0.000000,0.000000,0.000000,0.000000,0.000000,0.920571,0.000000,0.000000,0.000000,0.000000,0.000000,0.000000,0.000000,0.000000,0.000000,0.041180,0.000000,0.000000,0.000000,0.000000,0.000000,0.000000,0.000000,-1
N01,30,1,0.000000,0.000000,0.000000,0.000000,0.000000,0.000000,0.000000,0.121812,0.000000,0.100490,0.617491,0.152715,0.000000,0.000000,0.000000,0.000000,0.000000,0.000000,0.000000,0.000000,0.000000,0.000000,0.000000,0.000000,-1
N01,30,2,0.000000,0.000000,0.000000,0.000000,0.000000,0.000000,0.000000,0.000000,0.000000,0.156980,0.869679,0.000000,0.000000,0.000000,0.000000,0.000000,0.000000,0.000000,0.000000,0.000000,0.000000,0.000000,0.000000,0.000000,-1
N01,30,3,0.000000,0.000000,0.000000,0.000000,0.000000,0.000000,0.000000,0.000000,0.086945,0.560367,0.331363,0.000000,0.000000,0.000000,0.000000,0.000000,0.000000,0.000000,0.000000,0.000000,0.000000,0.000000,0.000000,0.000000,-1
N01,31,1,0.000000,0.000000,0.000000,0.000000,0.000000,0.000000,0.271164,0.091581,0.142785,0.034894,0.203752,0.204826,0.000000,0.000000,0.000000,0.000000,0.000000,0.000000,0.000000,0.000000,0.000000,0.000000,0.000000,0.000000,-1
N01,31,2,0.000000,0.000000,0.000000,0.000000,0.000000,0.000000,0.000000,0.000000,0.052059,0.082481,0.212488,0.689913,0.000000,0.000000,0.000000,0.000000,0.000000,0.000000,0.000000,0.000000,0.000000,0.000000,0.000000,0.000000,-1
N01,31,3,0.000000,0.000000,0.000000,0.000000,0.000000,0.000000,0.000000,0.000000,0.000000,0.107545,0.409621,0.418870,0.000000,0.000000,0.000000,0.000000,0.000000,0.000000,0.000000,0.000000,0.000000,0.000000,0.000000,0.000000,-1
N01,31,4,0.000000,0.000000,0.000000,0.000000,0.000000,0.000000,0.000000,0.000000,0.000000,0.613869,0.365089,0.000000,0.000000,0.000000,0.000000,0.000000,0.000000,0.000000,0.000000,0.000000,0.000000,0.000000,0.000000,0.000000,-1
N01,31,5,0.000000,0.000000,0.000000,0.000000,0.000000,0.000000,0.000000,0.000000,0.460401,0.512189,0.000000,0.000000,0.000000,0.000000,0.000000,0.000000,0.000000,0.000000,0.000000,0.000000,0.000000,0.000000,0.000000,0.000000,-1
N01,31,6,0.000000,0.000000,0.000000,0.000000,0.000000,0.000000,0.000000,0.174537,0.764009,0.034386,0.000000,0.000000,0.000000,0.000000,0.000000,0.000000,0.000000,0.000000,0.000000,0.000000,0.000000,0.000000,0.000000,0.000000,-1
N01,32,1,0.000000,0.000000,0.000000,0.000000,0.000000,0.000000,0.000000,0.715372,0.000000,0.000000,0.000000,0.314147,0.000000,0.000000,0.000000,0.000000,0.000000,0.000000,0.000000,0.000000,0.000000,0.000000,0.000000,0.000000,-1
N01,32,2,0.000000,0.000000,0.000000,0.000000,0.000000,0.000000,0.000000,0.976810,0.000000,0.000000,0.000000,0.000000,0.000000,0.000000,0.000000,0.000000,0.000000,0.000000,0.000000,0.000000,0.000000,0.000000,0.000000,0.000000,-1
N01,32,3,0.000000,0.000000,0.000000,0.000000,0.000000,0.000000,0.000000,1.028248,0.000000,0.000000,0.000000,0.000000,0.000000,0.000000,0.000000,0.000000,0.000000,0.000000,0.000000,0.000000,0.000000,0.000000,0.000000,0.000000,-1
N01,32,4,0.000000,0.000000,0.000000,0.000000,0.000000,0.000000,0.000000,0.981180,0.000000,0.000000,0.000000,0.000000,0.000000,0.000000,0.000000,0.000000,0.000000,0.000000,0.000000,0.000000,0.000000,0.000000,0.000000,0.000000,-1
N01,32,5,0.000000,0.000000,0.000000,0.000000,0.000000,0.000000,0.000000,1.004668,0.000000,0.000000,0.000000,0.000000,0.000000,0.000000,0.000000,0.000000,0.000000,0.000000,0.000000,0.000000,0.000000,0.000000,0.000000,0.000000,-1
N01,32,6,0.000000,0.000000,0.000000,0.000000,0.000000,0.000000,0.000000,0.816229,0.166501,0.000000,0.000000,0.000000,0.000000,0.000000,0.000000,0.000000,0.000000,0.000000,0.000000,0.000000,0.000000,0.000000,0.000000,0.000000,-1
N01,32,7,0.000000,0.000000,0.000000,0.000000,0.000000,0.000000,0.000000,0.869712,0.142904,0.000000,0.000000,0.000000,0.000000,0.000000,0.000000,0.000000,0.000000,0.000000,0.000000,0.000000,0.000000,0.000000,0.000000,0.000000,-1
N01,33,1,0.000000,0.000000,0.000000,0.000000,0.000000,0.000000,0.455824,0.533093,0.000000,0.000000,0.000000,0.000000,0.000000,0.000000,0.000000,0.000000,0.000000,0.000000,0.000000,0.000000,0.000000,0.000000,0.000000,0.000000,-1
N01,33,2,0.000000,0.000000,0.000000,0.000000,0.000000,0.000000,0.034801,0.925263,0.000000,0.000000,0.000000,0.000000,0.000000,0.000000,0.000000,0.000000,0.000000,0.000000,0.000000,0.000000,0.000000,0.000000,0.000000,0.000000,-1
N01,33,3,0.000000,0.000000,0.000000,0.000000,0.000000,0.000000,0.000000,1.009388,0.000000,0.000000,0.000000,0.000000,0.000000,0.000000,0.000000,0.000000,0.000000,0.000000,0.000000,0.000000,0.000000,0.000000,0.000000,0.000000,-1
N04,34,1,0.000000,0.000000,0.000000,0.000000,0.000000,0.000000,0.000000,0.000000,0.045408,0.107230,0.000000,0.000000,0.000000,0.100225,0.125243,0.340420,0.311398,0.000000,0.000000,0.000000,0.000000,0.000000,0.000000,0.000000,1
N04,34,2,0.000000,0.000000,0.000000,0.000000,0.000000,0.000000,0.000000,0.000000,0.000000,0.000000,0.000000,0.000000,0.000000,0.000000,0.000000,0.636430,0.332741,0.000000,0.000000,0.000000,0.000000,0.000000,0.000000,0.000000,1
N04,34,3,0.000000,0.000000,0.000000,0.000000,0.000000,0.000000,0.000000,0.000000,0.000000,0.000000,0.000000,0.000000,0.000000,0.000000,0.140418,0.853559,0.000000,0.000000,0.000000,0.000000,0.000000,0.000000,0.000000,0.000000,1
N04,34,4,0.000000,0.000000,0.000000,0.000000,0.000000,0.000000,0.000000,0.000000,0.000000,0.000000,0.000000,0.000000,0.000000,0.000000,0.681561,0.337145,0.000000,0.000000,0.000000,0.000000,0.000000,0.000000,0.000000,0.000000,1
N04,34,5,0.000000,0.000000,0.000000,0.000000,0.000000,0.000000,0.000000,0.000000,0.000000,0.000000,0.000000,0.000000,0.000000,0.286722,0.723498,0.000000,0.000000,0.000000,0.000000,0.000000,0.000000,0.000000,0.000000,0.000000,1
N04,34,6,0.000000,0.000000,0.000000,0.000000,0.000000,0.000000,0.000000,0.000000,0.000000,0.000000,0.000000,0.000000,0.000000,0.760821,0.227590,0.000000,0.000000,0.000000,0.000000,0.000000,0.000000,0.000000,0.000000,0.000000,1
N04,34,7,0.000000,0.000000,0.000000,0.000000,0.000000,0.000000,0.000000,0.000000,0.000000,0.000000,0.000000,0.000000,0.388900,0.579683,0.000000,0.000000,0.000000,0.000000,0.000000,0.000000,0.000000,0.000000,0.000000,0.000000,1
N04,34,8,0.000000,0.000000,0.000000,0.000000,0.000000,0.000000,0.000000,0.000000,0.000000,0.000000,0.000000,0.000000,0.903526,0.120036,0.000000,0.000000,0.000000,0.000000,0.000000,0.000000,0.000000,0.000000,0.000000,0.000000,1
N04,34,9,0.000000,0.000000,0.000000,0.000000,0.000000,0.000000,0.000000,0.000000,0.000000,0.000000,0.000000,0.049778,0.959357,0.000000,0.000000,0.000000,0.000000,0.000000,0.000000,0.000000,0.000000,0.000000,0.000000,0.000000,1
N04,34,10,0.000000,0.000000,0.000000,0.000000,0.000000,0.000000,0.000000,0.000000,0.000000,0.000000,0.000000,0.533562,0.470370,0.000000,0.000000,0.000000,0.000000,0.000000,0.000000,0.000000,0.000000,0.000000,0.000000,0.000000,1
N04,34,11,0.000000,0.000000,0.000000,0.000000,0.000000,0.000000,0.000000,0.000000,0.000000,0.000000,0.000000,0.990218,0.000000,0.000000,0.000000,0.000000,0.000000,0.000000,0.000000,0.000000,0.000000,0.000000,0.000000,0.000000,1
N04,35,1,0.000000,0.000000,0.000000,0.000000,0.000000,0.000000,0.000000,0.000000,0.000000,0.073037,0.071271,0.000000,0.000000,0.056106,0.030075,0.075508,0.700683,0.000000,0.000000,0.000000,0.000000,0.000000,0.000000,0.000000,1
N04,35,2,0.000000,0.000000,0.000000,0.000000,0.000000,0.000000,0.000000,0.000000,0.000000,0.000000,0.000000,0.000000,0.000000,0.000000,0.000000,0.410586,0.583777,0.000000,0.000000,0.000000,0.000000,0.000000,0.000000,0.000000,1
N04,35,3,0.000000,0.000000,0.000000,0.000000,0.000000,0.000000,0.000000,0.000000,0.000000,0.000000,0.000000,0.000000,0.000000,0.000000,0.212016,0.645728,0.096372,0.000000,0.000000,0.000000,0.000000,0.000000,0.000000,0.000000,1
N04,35,4,0.000000,0.000000,0.000000,0.000000,0.000000,0.000000,0.000000,0.000000,0.000000,0.000000,0.000000,0.000000,0.000000,0.143836,0.671444,0.263711,0.000000,0.000000,0.000000,0.000000,0.000000,0.000000,0.000000,0.000000,1
N04,35,5,0.000000,0.000000,0.000000,0.000000,0.000000,0.000000,0.000000,0.000000,0.000000,0.000000,0.000000,0.000000,0.000000,0.570849,0.397750,0.000000,0.000000,0.000000,0.000000,0.000000,0.000000,0.000000,0.000000,0.000000,1
N04,35,6,0.000000,0.000000,0.000000,0.000000,0.000000,0.000000,0.000000,0.000000,0.000000,0.000000,0.000000,0.000000,0.072308,0.928553,0.000000,0.000000,0.000000,0.000000,0.000000,0.000000,0.000000,0.000000,0.000000,0.000000,1
N04,35,7,0.000000,0.000000,0.000000,0.000000,0.000000,0.000000,0.000000,0.000000,0.000000,0.000000,0.000000,0.000000,0.535371,0.450235,0.000000,0.000000,0.000000,0.000000,0.000000,0.000000,0.000000,0.000000,0.000000,0.000000,1
N04,35,8,0.000000,0.000000,0.000000,0.000000,0.000000,0.000000,0.000000,0.000000,0.000000,0.000000,0.000000,0.000000,1.030104,0.000000,0.000000,0.000000,0.000000,0.000000,0.000000,0.000000,0.000000,0.000000,0.000000,0.000000,1
N04,35,9,0.000000,0.000000,0.000000,0.000000,0.000000,0.000000,0.000000,0.000000,0.000000,0.000000,0.000000,0.000000,0.969074,0.000000,0.000000,0.000000,0.000000,0.000000,0.000000,0.000000,0.000000,0.000000,0.000000,0.000000,1
N04,35,10,0.000000,0.000000,0.000000,0.000000,0.000000,0.000000,0.000000,0.000000,0.000000,0.000000,0.000000,0.441782,0.534565,0.000000,0.000000,0.000000,0.000000,0.000000,0.000000,0.000000,0.000000,0.000000,0.000000,0.000000,1
N04,36,1,0.000000,0.000000,0.000000,0.000000,0.000000,0.000000,0.000000,0.000000,0.000000,0.000000,0.000000,0.130569,0.121105,0.044243,0.188455,0.625374,0.000000,0.000000,0.000000,0.000000,0.000000,0.000000,0.000000,0.000000,1
N04,36,2,0.000000,0.000000,0.000000,0.000000,0.000000,0.000000,0.000000,0.000000,0.000000,0.000000,0.000000,0.000000,0.000000,0.000000,0.000000,0.993410,0.000000,0.000000,0.000000,0.000000,0.000000,0.000000,0.000000,0.000000,1
N04,36,3,0.000000,0.000000,0.000000,0.000000,0.000000,0.000000,0.000000,0.000000,0.000000,0.000000,0.000000,0.000000,0.000000,0.000000,0.000000,0.987645,0.000000,0.000000,0.000000,0.000000,0.000000,0.000000,0.000000,0.000000,1
N04,36,4,0.000000,0.000000,0.000000,0.000000,0.000000,0.000000,0.000000,0.000000,0.000000,0.000000,0.000000,0.000000,0.000000,0.000000,0.137834,0.871728,0.000000,0.000000,0.000000,0.000000,0.000000,0.000000,0.000000,0.000000,1
N04,37,1,0.000000,0.000000,0.000000,0.000000,0.000000,0.000000,0.000000,0.000000,0.000000,0.066672,0.000000,0.068783,0.063284,0.032711,0.146931,0.547697,0.000000,0.000000,0.080415,0.000000,0.000000,0.000000,0.000000,0.000000,1
N04,37,2,0.000000,0.000000,0.000000,0.000000,0.000000,0.000000,0.000000,0.000000,0.000000,0.076237,-0.007362,0.000000,0.000000,0.000000,0.000000,0.858076,0.000000,0.000000,0.000000,0.000000,0.000000,0.000000,0.000000,0.000000,1
N04,37,3,0.000000,0.000000,0.000000,0.000000,0.000000,0.000000,0.000000,0.000000,0.000000,0.078240,0.039233,0.000000,0.000000,0.000000,0.000000,0.810314,0.000000,0.000000,0.000000,0.000000,0.000000,0.000000,0.000000,0.000000,1
N04,37,4,0.000000,0.000000,0.000000,0.000000,0.000000,0.000000,0.000000,0.000000,0.000000,0.000000,0.000000,0.000000,0.000000,0.000000,0.510269,0.484809,0.000000,0.000000,0.000000,0.000000,0.000000,0.000000,0.000000,0.000000,1
N04,37,5,0.000000,0.000000,0.000000,0.000000,0.000000,0.000000,0.000000,0.000000,0.000000,0.000000,0.000000,0.000000,0.000000,0.000000,1.012995,0.000000,0.000000,0.000000,0.000000,0.000000,0.000000,0.000000,0.000000,0.000000,1
N04,37,6,0.000000,0.000000,0.000000,0.000000,0.000000,0.000000,0.000000,0.000000,0.000000,0.000000,0.000000,0.000000,0.000000,0.000000,0.989009,0.000000,0.000000,0.000000,0.000000,0.000000,0.000000,0.000000,0.000000,0.000000,1
N04,37,7,0.000000,0.000000,0.000000,0.000000,0.000000,0.000000,0.000000,0.000000,0.000000,0.000000,0.000000,0.000000,0.000000,0.512185,0.462829,0.000000,0.000000,0.000000,0.000000,0.000000,0.000000,0.000000,0.000000,0.000000,1
N04,37,8,0.000000,0.000000,0.000000,0.000000,0.000000,0.000000,0.000000,0.000000,0.000000,0.000000,0.000000,0.000000,0.000000,1.031837,0.000000,0.000000,0.000000,0.000000,0.000000,0.000000,0.000000,0.000000,0.000000,0.000000,1
N04,37,9,0.000000,0.000000,0.000000,0.000000,0.000000,0.000000,0.000000,0.000000,0.000000,0.000000,0.000000,0.000000,0.000000,0.991400,0.000000,0.000000,0.000000,0.000000,0.000000,0.000000,0.000000,0.000000,0.000000,0.000000,1
N04,37,10,0.000000,0.000000,0.000000,0.000000,0.000000,0.000000,0.000000,0.000000,0.000000,0.000000,0.000000,0.000000,0.392550,0.642584,0.000000,0.000000,0.000000,0.000000,0.000000,0.000000,0.000000,0.000000,0.000000,0.000000,1
N04,38,1,0.000000,0.000000,0.000000,0.000000,0.000000,0.000000,0.000000,0.000000,0.000000,0.291293,0.120039,0.028023,0.024709,0.000000,0.072440,0.025952,0.098051,0.182049,0.031592,0.047760,0.000000,0.000000,0.000000,0.000000,1
N04,38,2,0.000000,0.000000,0.000000,0.000000,0.000000,0.000000,0.000000,0.000000,0.000000,0.116554,0.000000,0.000000,0.000000,0.000000,0.000000,0.555691,0.126422,0.151985,0.122097,0.000000,0.000000,0.000000,0.000000,0.000000,1
N04,38,3,0.000000,0.000000,0.000000,0.000000,0.000000,0.000000,0.000000,0.000000,0.000000,0.000000,0.000000,0.000000,0.000000,0.000000,0.322799,0.688471,0.000000,0.000000,0.000000,0.000000,0.000000,0.000000,0.000000,0.000000,1
N04,38,4,0.000000,0.000000,0.000000,0.000000,0.000000,0.000000,0.000000,0.000000,0.000000,0.000000,0.000000,0.000000,0.000000,0.000000,0.868499,0.189261,0.000000,0.000000,0.000000,0.000000,0.000000,0.000000,0.000000,0.000000,1
N04,38,5,0.000000,0.000000,0.000000,0.000000,0.000000,0.000000,0.000000,0.000000,0.000000,0.000000,0.000000,0.000000,0.000000,0.388090,0.596872,0.000000,0.000000,0.000000,0.000000,0.000000,0.000000,0.000000,0.000000,0.000000,1
N04,38,6,0.000000,0.000000,0.000000,0.000000,0.000000,0.000000,0.000000,0.000000,0.000000,0.000000,0.000000,0.000000,0.000000,0.890995,0.139976,0.000000,0.000000,0.000000,0.000000,0.000000,0.000000,0.000000,0.000000,0.000000,1
N04,39,1,0.000000,0.000000,0.000000,0.000000,0.000000,0.000000,0.000000,0.000000,0.000000,0.000000,0.000000,0.053681,0.000000,0.070055,0.046306,0.153944,0.529344,0.000000,0.094909,0.047751,0.000000,0.000000,0.000000,0.000000,1
N04,39,2,0.000000,0.000000,0.000000,0.000000,0.000000,0.000000,0.000000,0.000000,0.000000,0.000000,0.000000,0.000000,0.000000,0.000000,0.000000,0.131336,0.911851,0.000000,0.000000,0.000000,0.000000,0.000000,0.000000,0.000000,1
N04,39,3,0.000000,0.000000,0.000000,0.000000,0.000000,0.000000,0.000000,0.000000,0.000000,0.000000,0.000000,0.000000,0.000000,0.000000,0.102525,0.486386,0.333826,0.000000,0.000000,0.000000,0.000000,0.000000,0.000000,0.000000,1
N04,40,1,0.000000,0.000000,0.000000,0.000000,0.000000,0.000000,0.000000,0.000000,0.039069,0.000000,0.117850,0.000000,0.000000,0.000000,0.494716,0.000000,0.000000,0.197250,0.072768,0.109573,0.000000,0.000000,0.000000,0.000000,1
N04,40,2,0.000000,0.000000,0.000000,0.000000,0.000000,0.000000,0.000000,0.000000,0.036449,0.000000,0.000000,0.000000,0.000000,0.000000,0.973691,0.000000,0.000000,0.000000,0.000000,0.000000,0.000000,0.000000,0.000000,0.000000,1
N04,40,3,0.000000,0.000000,0.000000,0.000000,0.000000,0.000000,0.000000,0.000000,0.000000,0.000000,0.000000,0.000000,0.000000,0.000000,0.618905,0.343522,0.000000,0.000000,0.000000,0.000000,0.000000,0.000000,0.000000,0.000000,1
N04,40,4,0.000000,0.000000,0.000000,0.000000,0.000000,0.000000,0.000000,0.000000,0.000000,0.000000,0.000000,0.000000,0.000000,0.000000,0.161977,0.880988,0.000000,0.000000,0.000000,0.000000,0.000000,0.000000,0.000000,0.000000,1
N04,40,5,0.000000,0.000000,0.000000,0.000000,0.000000,0.000000,0.000000,0.000000,0.000000,0.000000,0.000000,0.000000,0.000000,0.000000,0.000000,0.980467,0.000000,0.000000,0.000000,0.000000,0.000000,0.000000,0.000000,0.000000,1
N04,40,6,0.000000,0.000000,0.000000,0.000000,0.000000,0.000000,0.000000,0.000000,0.000000,0.000000,0.000000,0.000000,0.000000,0.000000,0.000000,1.034551,0.000000,0.000000,0.000000,0.000000,0.000000,0.000000,0.000000,0.000000,1
N04,40,7,0.000000,0.000000,0.000000,0.000000,0.000000,0.000000,0.000000,0.000000,0.000000,0.000000,0.000000,0.000000,0.000000,0.000000,0.157186,0.817522,0.000000,0.000000,0.000000,0.000000,0.000000,0.000000,0.000000,0.000000,1
N04,40,8,0.000000,0.000000,0.000000,0.000000,0.000000,0.000000,0.000000,0.000000,0.000000,0.000000,0.000000,0.000000,0.000000,0.000000,0.635231,0.315355,0.000000,0.000000,0.000000,0.000000,0.000000,0.000000,0.000000,0.000000,1
N04,40,9,0.000000,0.000000,0.000000,0.000000,0.000000,0.000000,0.000000,0.000000,0.000000,0.000000,0.000000,0.000000,0.000000,0.000000,0.980970,0.000000,0.000000,0.000000,0.000000,0.000000,0.000000,0.000000,0.000000,0.000000,1
N04,40,10,0.000000,0.000000,0.000000,0.000000,0.000000,0.000000,0.000000,0.000000,0.000000,0.000000,0.000000,0.000000,0.000000,0.000000,1.018540,0.000000,0.000000,0.000000,0.000000,0.000000,0.000000,0.000000,0.000000,0.000000,1
N04,40,11,0.000000,0.000000,0.000000,0.000000,0.000000,0.000000,0.000000,0.000000,0.000000,0.000000,0.000000,0.000000,0.000000,0.357852,0.702361,0.000000,0.000000,0.000000,0.000000,0.000000,0.000000,0.000000,0.000000,0.000000,1
N04,40,12,0.000000,0.000000,0.000000,0.000000,0.000000,0.000000,0.000000,0.000000,0.000000,0.000000,0.000000,0.000000,0.000000,0.852527,0.202586,0.000000,0.000000,0.000000,0.000000,0.000000,0.000000,0.000000,0.000000,0.000000,1
N04,40,13,0.000000,0.000000,0.000000,0.000000,0.000000,0.000000,0.000000,0.000000,0.000000,0.000000,0.000000,0.000000,0.000000,0.999178,0.000000,0.000000,0.000000,0.000000,0.000000,0.000000,0.000000,0.000000,0.000000,0.000000,1
N04,40,14,0.000000,0.000000,0.000000,0.000000,0.000000,0.000000,0.000000,0.000000,0.000000,0.000000,0.000000,0.000000,0.300936,0.732545,0.000000,0.000000,0.000000,0.000000,0.000000,0.000000,0.000000,0.000000,0.000000,0.000000,1
N04,40,15,0.000000,0.000000,0.000000,0.000000,0.000000,0.000000,0.000000,0.000000,0.000000,0.000000,0.000000,0.000000,0.774123,0.262990,0.000000,0.000000,0.000000,0.000000,0.000000,0.000000,0.000000,0.000000,0.000000,0.000000,1
N04,40,16,0.000000,0.000000,0.000000,0.000000,0.000000,0.000000,0.000000,0.000000,0.000000,0.000000,0.000000,0.000000,1.028618,0.000000,0.000000,0.000000,0.000000,0.000000,0.000000,0.000000,0.000000,0.000000,0.000000,0.000000,1
N04,40,17,0.000000,0.000000,0.000000,0.000000,0.000000,0.000000,0.000000,0.000000,0.000000,0.000000,0.000000,0.242783,0.738377,0.000000,0.000000,0.000000,0.000000,0.000000,0.000000,0.000000,0.000000,0.000000,0.000000,0.000000,1
N04,40,18,0.000000,0.000000,0.000000,0.000000,0.000000,0.000000,0.000000,0.000000,0.000000,0.000000,0.000000,0.795170,0.227701,0.000000,0.000000,0.000000,0.000000,0.000000,0.000000,0.000000,0.000000,0.000000,0.000000,0.000000,1
N04,41,1,0.000000,0.000000,0.000000,0.000000,0.000000,0.000000,0.000000,0.000000,0.047463,0.067074,0.332404,0.000000,0.000000,0.000000,0.000000,0.454314,0.047224,0.000000,0.000000,0.000000,0.000000,0.000000,0.000000,0.000000,1
N04,41,2,0.000000,0.000000,0.000000,0.000000,0.000000,0.000000,0.000000,0.000000,0.000000,0.000000,0.076062,0.000000,0.000000,0.000000,0.320912,0.642530,0.000000,0.000000,0.000000,0.000000,0.000000,0.000000,0.000000,0.000000,1
N04,41,3,0.000000,0.000000,0.000000,0.000000,0.000000,0.000000,0.000000,0.000000,0.000000,0.000000,0.000000,0.000000,0.000000,0.170501,0.690082,0.143532,0.000000,0.000000,0.000000,0.000000,0.000000,0.000000,0.000000,0.000000,1
N04,41,4,0.000000,0.000000,0.000000,0.000000,0.000000,0.000000,0.000000,0.000000,0.000000,0.000000,0.000000,0.000000,0.000000,0.642256,0.319275,0.000000,0.000000,0.000000,0.000000,0.000000,0.000000,0.000000,0.000000,0.000000,1
N04,41,5,0.000000,0.000000,0.000000,0.000000,0.000000,0.000000,0.000000,0.000000,0.000000,0.000000,0.000000,0.000000,0.000000,0.990767,0.000000,0.000000,0.000000,0.000000,0.000000,0.000000,0.000000,0.000000,0.000000,0.000000,1
N04,41,6,0.000000,0.000000,0.000000,0.000000,0.000000,0.000000,0.000000,0.000000,0.000000,0.000000,0.000000,0.000000,0.000000,0.990672,0.000000,0.000000,0.000000,0.000000,0.000000,0.000000,0.000000,0.000000,0.000000,0.000000,1
N04,41,7,0.000000,0.000000,0.000000,0.000000,0.000000,0.000000,0.000000,0.000000,0.000000,0.000000,0.000000,0.000000,0.253166,0.725473,0.000000,0.000000,0.000000,0.000000,0.000000,0.000000,0.000000,0.000000,0.000000,0.000000,1
N04,41,8,0.000000,0.000000,0.000000,0.000000,0.000000,0.000000,0.000000,0.000000,0.000000,0.000000,0.000000,0.000000,0.745744,0.252816,0.000000,0.000000,0.000000,0.000000,0.000000,0.000000,0.000000,0.000000,0.000000,0.000000,1
N04,41,9,0.000000,0.000000,0.000000,0.000000,0.000000,0.000000,0.000000,0.000000,0.000000,0.000000,0.000000,0.000000,1.016051,0.000000,0.000000,0.000000,0.000000,0.000000,0.000000,0.000000,0.000000,0.000000,0.000000,0.000000,1
N04,41,10,0.000000,0.000000,0.000000,0.000000,0.000000,0.000000,0.000000,0.000000,0.000000,0.000000,0.000000,0.131670,0.873489,0.000000,0.000000,0.000000,0.000000,0.000000,0.000000,0.000000,0.000000,0.000000,0.000000,0.000000,1
N04,41,11,0.000000,0.000000,0.000000,0.000000,0.000000,0.000000,0.000000,0.000000,0.000000,0.000000,0.000000,0.586909,0.405967,0.000000,0.000000,0.000000,0.000000,0.000000,0.000000,0.000000,0.000000,0.000000,0.000000,0.000000,1
N04,42,1,0.000000,0.188491,0.000000,0.000000,0.000000,0.000000,0.000000,0.000000,0.000000,0.000000,0.194420,0.000000,0.000000,0.000000,0.000000,0.088316,0.548990,0.000000,0.000000,0.000000,0.000000,0.000000,0.000000,0.000000,1
N04,42,2,0.000000,0.000000,0.000000,0.000000,0.000000,0.000000,0.000000,0.000000,0.000000,0.000000,0.000000,0.000000,0.000000,0.000000,0.000000,0.554940,0.452353,0.000000,0.000000,0.000000,0.000000,0.000000,0.000000,0.000000,1
N04,42,3,0.000000,0.000000,0.000000,0.000000,0.000000,0.000000,0.000000,0.000000,0.000000,0.000000,0.000000,0.000000,0.000000,0.000000,0.000000,1.009507,0.000000,0.000000,0.000000,0.000000,0.000000,0.000000,0.000000,0.000000,1
N04,42,4,0.000000,0.000000,0.000000,0.000000,0.000000,0.000000,0.000000,0.000000,0.000000,0.000000,0.000000,0.000000,0.000000,0.000000,0.354173,0.684689,0.000000,0.000000,0.000000,0.000000,0.000000,0.000000,0.000000,0.000000,1
N04,42,5,0.000000,0.000000,0.000000,0.000000,0.000000,0.000000,0.000000,0.000000,0.000000,0.000000,0.000000,0.000000,0.000000,0.000000,0.843612,0.148446,0.000000,0.000000,0.000000,0.000000,0.000000,0.000000,0.000000,0.000000,1
N04,42,6,0.000000,0.000000,0.000000,0.000000,0.000000,0.000000,0.000000,0.000000,0.000000,0.000000,0.000000,0.000000,0.000000,0.160020,0.842219,0.000000,0.000000,0.000000,0.000000,0.000000,0.000000,0.000000,0.000000,0.000000,1
N04,42,7,0.000000,0.000000,0.000000,0.000000,0.000000,0.000000,0.000000,0.000000,0.000000,0.000000,0.000000,0.000000,0.000000,0.662687,0.298140,0.000000,0.000000,0.000000,0.000000,0.000000,0.000000,0.000000,0.000000,0.000000,1
N04,42,8,0.000000,0.000000,0.000000,0.000000,0.000000,0.000000,0.000000,0.000000,0.000000,0.000000,0.000000,0.000000,0.201216,0.781452,0.000000,0.000000,0.000000,0.000000,0.000000,0.000000,0.000000,0.000000,0.000000,0.000000,1
N04,42,9,0.000000,0.000000,0.000000,0.000000,0.000000,0.000000,0.000000,0.000000,0.000000,0.000000,0.000000,0.000000,0.368126,0.662092,0.000000,0.000000,0.000000,0.000000,0.000000,0.000000,0.000000,0.000000,0.000000,0.000000,1
N04,42,10,0.000000,0.000000,0.000000,0.000000,0.000000,0.000000,0.000000,0.000000,0.000000,0.000000,0.000000,0.000000,0.650804,0.297364,0.000000,0.000000,0.000000,0.000000,0.000000,0.000000,0.000000,0.000000,0.000000,0.000000,1
N04,42,11,0.000000,0.000000,0.000000,0.000000,0.000000,0.000000,0.000000,0.000000,0.000000,0.000000,0.000000,0.080415,0.906202,0.000000,0.000000,0.000000,0.000000,0.000000,0.000000,0.000000,0.000000,0.000000,0.000000,0.000000,1
N04,42,12,0.000000,0.000000,0.000000,0.000000,0.000000,0.000000,0.000000,0.000000,0.000000,0.000000,0.000000,0.527453,0.445203,0.000000,0.000000,0.000000,0.000000,0.000000,0.000000,0.000000,0.000000,0.000000,0.000000,0.000000,1
N04,42,13,0.000000,0.000000,0.000000,0.000000,0.000000,0.000000,0.000000,0.000000,0.000000,0.000000,0.000000,0.975069,0.049494,0.000000,0.000000,0.000000,0.000000,0.000000,0.000000,0.000000,0.000000,0.000000,0.000000,0.000000,1
N04,42,14,0.000000,0.000000,0.000000,0.000000,0.000000,0.000000,0.000000,0.000000,0.000000,0.000000,0.000000,0.919902,0.082131,0.000000,0.000000,0.000000,0.000000,0.000000,0.000000,0.000000,0.000000,0.000000,0.000000,0.000000,1
N04,43,1,0.000000,0.000000,0.000000,0.000000,0.000000,0.000000,0.000000,0.000000,0.000000,0.071676,0.106234,0.175553,0.126288,0.153550,0.269161,0.058456,0.000000,0.065661,0.000000,0.000000,0.000000,0.000000,0.000000,0.000000,1
N04,43,2,0.000000,0.000000,0.000000,0.000000,0.000000,0.000000,0.000000,0.000000,0.000000,0.000000,0.000000,0.000000,0.000000,0.226842,0.244053,0.525791,0.000000,0.000000,0.000000,0.000000,0.000000,0.000000,0.000000,0.000000,1
N04,43,3,0.000000,0.000000,0.000000,0.000000,0.000000,0.000000,0.000000,0.000000,0.000000,0.000000,0.000000,0.000000,0.000000,0.000000,0.000000,1.016498,0.000000,0.000000,0.000000,0.000000,0.000000,0.000000,0.000000,0.000000,1
N04,43,4,0.000000,0.000000,0.000000,0.000000,0.000000,0.000000,0.000000,0.000000,0.000000,0.000000,0.000000,0.000000,0.000000,0.000000,0.000000,1.014807,0.000000,0.000000,0.000000,0.000000,0.000000,0.000000,0.000000,0.000000,1
N04,43,5,0.000000,0.000000,0.000000,0.000000,0.000000,0.000000,0.000000,0.000000,0.000000,0.000000,0.000000,0.000000,0.000000,0.000000,0.196424,0.737472,0.000000,0.000000,0.000000,0.000000,0.000000,0.000000,0.000000,0.000000,1
N04,43,6,0.000000,0.000000,0.000000,0.000000,0.000000,0.000000,0.000000,0.000000,0.000000,0.000000,0.000000,0.000000,0.000000,0.000000,0.703874,0.264205,0.000000,0.000000,0.000000,0.000000,0.000000,0.000000,0.000000,0.000000,1
N04,43,7,0.000000,0.000000,0.000000,0.000000,0.000000,0.000000,0.000000,0.000000,0.000000,0.000000,0.000000,0.000000,0.000000,0.450099,0.569208,0.000000,0.000000,0.000000,0.000000,0.000000,0.000000,0.000000,0.000000,0.000000,1
N04,43,8,0.000000,0.000000,0.000000,0.000000,0.000000,0.000000,0.000000,0.000000,0.000000,0.000000,0.000000,0.000000,0.049357,0.910242,0.031733,0.000000,0.000000,0.000000,0.000000,0.000000,0.000000,0.000000,0.000000,0.000000,1
N04,44,1,0.000000,0.037244,0.000000,0.000000,0.000000,0.000000,0.000000,0.000000,0.000000,0.000000,0.000000,0.064784,0.261286,0.053832,0.121529,0.103807,0.263750,0.120339,0.000000,0.000000,0.000000,0.000000,0.000000,0.000000,1
N04,44,2,0.000000,0.000000,0.000000,0.000000,0.000000,0.000000,0.000000,0.000000,0.000000,0.000000,0.000000,0.000000,0.000000,0.000000,0.025979,0.063620,0.283077,0.475487,0.112140,0.000000,0.000000,0.000000,0.000000,0.000000,1
N04,44,3,0.000000,0.000000,0.000000,0.000000,0.000000,0.000000,0.000000,0.000000,0.000000,0.000000,0.000000,0.000000,0.000000,0.000000,0.000000,0.000000,0.222915,0.665670,0.091613,0.000000,0.000000,0.000000,0.000000,0.000000,1
N04,44,4,0.000000,0.000000,0.000000,0.000000,0.000000,0.000000,0.000000,0.000000,0.000000,0.000000,0.000000,0.000000,0.000000,0.000000,0.000000,0.315954,0.335987,0.335879,0.000000,0.000000,0.000000,0.000000,0.000000,0.000000,1
N04,44,5,0.000000,0.000000,0.000000,0.000000,0.000000,0.000000,0.000000,0.000000,0.000000,0.000000,0.000000,0.000000,0.000000,0.000000,0.223375,0.612323,0.142792,0.000000,0.000000,0.000000,0.000000,0.000000,0.000000,0.000000,1
N04,45,1,0.000000,0.000000,0.000000,0.000000,0.000000,0.000000,0.000000,0.000000,0.000000,0.000000,0.000000,0.000000,0.000000,0.061310,0.007998,0.186487,0.110552,0.155480,0.496929,0.000000,0.000000,0.000000,0.000000,0.000000,1
N04,45,2,0.000000,0.000000,0.000000,0.000000,0.000000,0.000000,0.000000,0.000000,0.000000,0.000000,0.000000,0.000000,0.000000,0.000000,0.000000,0.000000,0.000000,0.032169,0.976836,0.000000,0.000000,0.000000,0.000000,0.000000,1
N04,45,3,0.000000,0.000000,0.000000,0.000000,0.000000,0.000000,0.000000,0.000000,0.000000,0.000000,0.000000,0.000000,0.000000,0.000000,0.000000,0.000000,0.050516,0.287323,0.583752,0.000000,0.000000,0.000000,0.000000,0.000000,1
N04,45,4,0.000000,0.000000,0.000000,0.000000,0.000000,0.000000,0.000000,0.000000,0.000000,0.000000,0.000000,0.000000,0.000000,0.000000,0.000000,0.263789,0.282968,0.325569,0.132137,0.000000,0.000000,0.000000,0.000000,0.000000,1
N04,45,5,0.000000,0.000000,0.000000,0.000000,0.000000,0.000000,0.000000,0.000000,0.000000,0.000000,0.000000,0.000000,0.000000,0.000000,0.404830,0.389951,0.231545,0.000000,0.000000,0.000000,0.000000,0.000000,0.000000,0.000000,1
N04,45,6,0.000000,0.000000,0.000000,0.000000,0.000000,0.000000,0.000000,0.000000,0.000000,0.000000,0.000000,0.000000,0.000000,0.000000,0.871842,0.110160,0.000000,0.000000,0.000000,0.000000,0.000000,0.000000,0.000000,0.000000,1
N04,46,1,0.000000,0.000000,0.000000,0.000000,0.000000,0.000000,0.000000,0.000000,0.000000,0.000000,0.000000,0.000000,0.000000,0.068309,0.050427,0.083249,0.055408,0.212864,0.486271,0.000000,0.000000,0.000000,0.000000,0.000000,1
N04,46,2,0.000000,0.000000,0.000000,0.000000,0.000000,0.000000,0.000000,0.000000,0.000000,0.000000,0.000000,0.000000,0.000000,0.000000,0.000000,0.000000,0.000000,0.296814,0.647522,0.000000,0.000000,0.000000,0.000000,0.000000,1
N04,46,3,0.000000,0.000000,0.000000,0.000000,0.000000,0.000000,0.000000,0.000000,0.000000,0.000000,0.000000,0.000000,0.000000,0.000000,0.061416,0.280494,0.192786,0.265451,0.221651,0.000000,0.000000,0.000000,0.000000,0.000000,1
N04,46,4,0.000000,0.000000,0.000000,0.000000,0.000000,0.000000,0.000000,0.000000,0.000000,0.000000,0.000000,0.000000,0.000000,0.000000,0.553991,0.249087,0.230150,0.000000,0.000000,0.000000,0.000000,0.000000,0.000000,0.000000,1
N04,47,1,0.000000,0.000000,0.000000,0.000000,0.000000,0.000000,0.000000,0.000000,0.000000,0.000000,0.000000,0.000000,0.000000,0.000000,0.197238,0.493668,0.324234,0.000000,0.000000,0.000000,0.000000,0.000000,0.000000,0.000000,1
N04,47,2,0.000000,0.000000,0.000000,0.000000,0.000000,0.000000,0.000000,0.000000,0.000000,0.000000,0.000000,0.000000,0.000000,0.000000,0.000000,0.165047,0.601441,0.207793,0.000000,0.000000,0.000000,0.000000,0.000000,0.000000,1
N04,47,3,0.000000,0.000000,0.000000,0.000000,0.000000,0.000000,0.000000,0.000000,0.000000,0.000000,0.000000,0.000000,0.000000,0.000000,0.000000,0.000000,0.278665,0.706183,0.000000,0.000000,0.000000,0.000000,0.000000,0.000000,1
N04,47,4,0.000000,0.000000,0.000000,0.000000,0.000000,0.000000,0.000000,0.000000,0.000000,0.000000,0.000000,0.000000,0.000000,0.000000,0.000000,0.000000,0.000000,1.015922,0.000000,0.000000,0.000000,0.000000,0.000000,0.000000,1
N04,47,5,0.000000,0.080344,0.000000,0.000000,0.000000,0.000000,0.000000,0.013130,0.000000,0.000000,0.000000,0.067679,0.000000,0.000000,0.000000,0.000000,0.000000,0.851721,0.000000,0.000000,0.000000,0.000000,0.000000,0.000000,1
N04,47,6,0.000000,0.102447,0.000000,0.000000,0.000000,0.000000,0.000000,0.097208,0.000000,0.000000,0.000000,0.061378,0.000000,0.000000,0.000000,0.000000,0.290832,0.417075,0.000000,0.000000,0.000000,0.000000,0.000000,0.000000,1
N04,47,7,0.000000,0.000000,0.000000,0.000000,0.000000,0.000000,0.000000,0.055599,0.000000,0.000000,0.000000,0.000000,0.000000,0.000000,0.150345,0.318460,0.280796,0.207318,0.000000,0.000000,0.000000,0.000000,0.000000,0.000000,1
N04,47,8,0.000000,0.000000,0.000000,0.000000,0.000000,0.000000,0.000000,0.000000,0.000000,0.000000,0.000000,0.000000,0.000000,0.000000,0.657102,0.316892,0.000000,0.000000,0.000000,0.000000,0.000000,0.000000,0.000000,0.000000,1
N04,48,1,0.000000,0.000000,0.000000,0.000000,0.000000,0.000000,0.000000,0.000000,0.000000,0.000000,0.000000,0.000000,0.000000,0.000000,0.114691,0.100559,0.131629,0.191123,0.422903,0.000000,0.000000,0.000000,0.000000,0.000000,1
N04,48,2,0.000000,0.000000,0.000000,0.000000,0.000000,0.000000,0.000000,0.000000,0.000000,0.000000,0.000000,0.000000,0.074903,0.000000,0.000000,0.000000,0.000000,0.229517,0.763517,0.000000,0.000000,0.000000,0.000000,0.000000,1
N04,49,1,0.000000,0.000000,0.000000,0.000000,0.000000,0.000000,0.000000,0.000000,0.000000,0.000000,0.000000,0.000000,-0.029436,0.104642,0.084201,0.099514,0.211007,0.301184,0.098905,0.000000,0.000000,0.000000,0.000000,0.000000,1
N04,49,2,0.000000,0.000000,0.000000,0.000000,0.000000,0.000000,0.000000,0.000000,0.000000,0.000000,0.000000,0.000000,0.000000,0.000000,0.000000,0.070474,0.276309,0.764145,0.000000,0.000000,0.000000,0.000000,0.000000,0.000000,1
N04,49,3,0.000000,0.000000,0.000000,0.000000,0.000000,0.000000,0.000000,0.000000,0.000000,0.000000,0.000000,0.000000,0.000000,0.000000,0.000000,0.000000,0.219228,0.791168,0.000000,0.000000,0.000000,0.000000,0.000000,0.000000,1
N04,49,4,0.000000,0.000000,0.000000,0.000000,0.000000,0.000000,0.000000,0.000000,0.000000,0.000000,0.000000,0.000000,0.000000,0.000000,0.150950,0.305239,0.252653,0.263211,0.000000,0.000000,0.000000,0.000000,0.000000,0.000000,1
N04,49,5,0.000000,0.000000,0.000000,0.000000,0.000000,0.000000,0.000000,0.000000,0.000000,0.000000,0.000000,0.000000,0.000000,0.000000,0.601014,0.328796,0.026939,0.000000,0.000000,0.000000,0.000000,0.000000,0.000000,0.000000,1
N04,50,1,0.000000,0.000000,0.000000,0.000000,0.000000,0.000000,0.000000,0.000000,0.000000,0.000000,0.000000,0.000000,0.000000,0.152608,0.118616,0.061830,0.194624,0.461595,0.000000,0.000000,0.000000,0.000000,0.000000,0.000000,1
N04,50,2,0.000000,0.000000,0.000000,0.000000,0.000000,0.000000,0.000000,0.000000,0.000000,0.000000,0.000000,0.000000,0.000000,0.000000,0.000000,0.000000,0.079671,0.919529,0.000000,0.000000,0.000000,0.000000,0.000000,0.000000,1
N04,50,3,0.000000,0.000000,0.000000,0.000000,0.000000,0.000000,0.000000,0.000000,0.000000,0.000000,0.000000,0.000000,0.000000,0.000000,0.000000,0.000000,0.000000,1.024634,0.000000,0.000000,0.000000,0.000000,0.000000,0.000000,1
N04,50,4,0.000000,0.000000,0.000000,0.000000,0.000000,0.000000,0.000000,0.000000,0.000000,0.000000,0.000000,0.000000,0.000000,0.000000,0.000000,0.274589,0.224063,0.480037,0.000000,0.000000,0.000000,0.000000,0.000000,0.000000,1
N04,50,5,0.000000,0.000000,0.000000,0.000000,0.000000,0.000000,0.000000,0.000000,0.000000,0.000000,0.000000,0.000000,0.000000,0.000000,0.205976,0.588328,0.257297,0.000000,0.000000,0.000000,0.000000,0.000000,0.000000,0.000000,1
N04,50,6,0.000000,0.000000,0.000000,0.000000,0.000000,0.000000,0.000000,0.000000,0.000000,0.000000,0.000000,0.000000,0.000000,0.000000,0.669631,0.249907,0.000000,0.000000,0.000000,0.000000,0.000000,0.000000,0.000000,0.000000,1
N04,50,7,0.000000,0.000000,0.000000,0.000000,0.000000,0.000000,0.000000,0.000000,0.000000,0.000000,0.000000,0.000000,0.000000,0.000000,0.996299,0.000000,0.000000,0.000000,0.000000,0.000000,0.000000,0.000000,0.000000,0.000000,1
N04,50,8,0.000000,0.000000,0.000000,0.000000,0.000000,0.000000,0.000000,0.000000,0.000000,0.000000,0.000000,0.000000,0.000000,0.000000,1.020889,0.000000,0.000000,0.000000,0.000000,0.000000,0.000000,0.000000,0.000000,0.000000,1
N04,51,1,0.000000,0.000000,0.000000,0.000000,0.000000,0.000000,0.000000,0.000000,0.000000,0.000000,0.000000,0.084177,0.178536,0.047655,0.270332,0.129427,0.401436,0.000000,0.000000,0.000000,0.000000,0.000000,0.000000,0.000000,1
N04,51,2,0.000000,0.000000,0.000000,0.000000,0.000000,0.000000,0.000000,0.000000,0.000000,0.000000,0.000000,0.000000,0.000000,0.000000,0.000000,0.213979,0.784026,0.000000,0.000000,0.000000,0.000000,0.000000,0.000000,0.000000,1
N04,51,3,0.000000,0.000000,0.000000,0.000000,0.000000,0.000000,0.000000,0.000000,0.000000,0.000000,0.000000,0.000000,0.000000,0.000000,0.000000,0.581530,0.366961,0.000000,0.000000,0.000000,0.000000,0.000000,0.000000,0.000000,1
N04,51,4,0.000000,0.000000,0.000000,0.000000,0.000000,0.000000,0.000000,0.000000,0.000000,0.000000,0.000000,0.000000,0.000000,0.000000,0.137605,0.874211,0.000000,0.000000,0.000000,0.000000,0.000000,0.000000,0.000000,0.000000,1
N04,51,5,0.000000,0.000000,0.000000,0.000000,0.000000,0.000000,0.000000,0.000000,0.000000,0.000000,0.000000,0.000000,0.000000,0.000000,0.652459,0.397886,0.000000,0.000000,0.000000,0.000000,0.000000,0.000000,0.000000,0.000000,1
N04,51,6,0.000000,0.000000,0.000000,0.000000,0.000000,0.000000,0.000000,0.000000,0.000000,0.000000,0.000000,0.000000,0.000000,0.460212,0.538713,0.000000,0.000000,0.000000,0.000000,0.000000,0.000000,0.000000,0.000000,0.000000,1
N04,51,7,0.000000,0.000000,0.000000,0.000000,0.000000,0.000000,0.000000,0.000000,0.000000,0.000000,0.000000,0.000000,0.000000,0.962204,0.071694,0.000000,0.000000,0.000000,0.000000,0.000000,0.000000,0.000000,0.000000,0.000000,1
N04,51,8,0.000000,0.000000,0.000000,0.000000,0.000000,0.000000,0.000000,0.000000,0.000000,0.000000,0.000000,0.000000,0.407793,0.639377,0.000000,0.000000,0.000000,0.000000,0.000000,0.000000,0.000000,0.000000,0.000000,0.000000,1
N04,51,9,0.000000,0.000000,0.000000,0.000000,0.000000,0.000000,0.000000,0.000000,0.000000,0.000000,0.000000,0.000000,0.867032,0.090941,0.000000,0.000000,0.000000,0.000000,0.000000,0.000000,0.000000,0.000000,0.000000,0.000000,1
N04,51,10,0.000000,0.000000,0.000000,0.000000,0.000000,0.000000,0.000000,0.000000,0.000000,0.000000,0.000000,0.110738,0.913940,0.000000,0.000000,0.000000,0.000000,0.000000,0.000000,0.000000,0.000000,0.000000,0.000000,0.000000,1
N04,52,1,0.000000,0.000000,0.000000,0.000000,0.000000,0.000000,0.000000,0.000000,0.000000,0.000000,0.000000,0.044173,0.108682,0.000000,0.000000,0.186496,0.581722,0.089923,0.000000,0.000000,0.000000,0.000000,0.000000,0.000000,1
N04,52,2,0.000000,0.000000,0.000000,0.000000,0.000000,0.000000,0.000000,0.000000,0.000000,0.000000,0.000000,0.000000,0.000000,0.000000,0.000000,0.334069,0.570610,0.045627,0.000000,0.000000,0.000000,0.000000,0.000000,0.000000,1
N04,52,3,0.000000,0.000000,0.000000,0.000000,0.000000,0.000000,0.000000,0.000000,0.000000,0.000000,0.000000,0.000000,0.000000,0.000000,0.499436,0.333447,0.152076,0.000000,0.000000,0.000000,0.000000,0.000000,0.000000,0.000000,1
N04,53,1,0.000000,0.000000,0.000000,0.000000,0.000000,0.000000,0.000000,0.000000,0.000000,0.000000,0.069740,0.121611,0.000000,0.046387,0.123941,0.264165,0.320528,0.000000,0.000000,0.123603,0.000000,0.000000,0.000000,0.000000,1
N04,53,2,0.000000,0.000000,0.000000,0.000000,0.000000,0.000000,0.000000,0.000000,0.000000,0.000000,0.000000,0.000000,0.000000,0.000000,0.000000,0.182691,0.845355,0.000000,0.000000,0.000000,0.000000,0.000000,0.000000,0.000000,1
N04,53,3,0.000000,0.000000,0.000000,0.000000,0.000000,0.000000,0.000000,0.000000,0.000000,0.000000,0.000000,0.000000,0.000000,0.000000,0.000000,0.521972,0.473121,0.000000,0.000000,0.000000,0.000000,0.000000,0.000000,0.000000,1
N04,53,4,0.000000,0.000000,0.000000,0.000000,0.000000,0.000000,0.000000,0.000000,0.000000,0.000000,0.000000,0.000000,0.000000,0.000000,0.209918,0.742749,0.000000,0.000000,0.000000,0.000000,0.000000,0.000000,0.000000,0.000000,1
N04,53,5,0.000000,0.000000,0.000000,0.000000,0.000000,0.000000,0.000000,0.000000,0.000000,0.000000,0.000000,0.000000,0.000000,0.000000,0.776940,0.283666,0.000000,0.000000,0.000000,0.000000,0.000000,0.000000,0.000000,0.000000,1
N04,53,6,0.000000,0.000000,0.000000,0.000000,0.000000,0.000000,0.000000,0.000000,0.000000,0.000000,0.000000,0.000000,0.000000,0.000000,1.033584,0.000000,0.000000,0.000000,0.000000,0.000000,0.000000,0.000000,0.000000,0.000000,1
N04,54,1,0.000000,0.000000,0.000000,0.000000,0.000000,0.000000,0.000000,0.000000,0.000000,0.099043,0.116339,0.014782,0.000000,0.094251,0.041746,0.513939,0.000000,0.000000,0.000000,0.055425,0.000000,0.000000,0.000000,0.000000,1
N04,54,2,0.000000,0.000000,0.000000,0.000000,0.000000,0.000000,0.000000,0.000000,0.000000,0.000000,0.000000,0.000000,0.000000,0.000000,0.000000,1.007331,0.000000,0.000000,0.000000,0.000000,0.000000,0.000000,0.000000,0.000000,1
N04,54,3,0.000000,0.000000,0.000000,0.000000,0.000000,0.000000,0.000000,0.000000,0.000000,0.000000,0.000000,0.000000,0.000000,0.000000,0.157925,0.827943,0.000000,0.000000,0.000000,0.000000,0.000000,0.000000,0.000000,0.000000,1
N04,54,4,0.000000,0.000000,0.000000,0.000000,0.000000,0.000000,0.000000,0.000000,0.000000,0.000000,0.000000,0.000000,0.000000,0.000000,0.666034,0.347067,0.000000,0.000000,0.000000,0.000000,0.000000,0.000000,0.000000,0.000000,1
N04,54,5,0.000000,0.000000,0.000000,0.000000,0.000000,0.000000,0.000000,0.000000,0.000000,0.000000,0.000000,0.000000,0.000000,0.456044,0.562922,0.000000,0.000000,0.000000,0.000000,0.000000,0.000000,0.000000,0.000000,0.000000,1
N04,54,6,0.000000,0.000000,0.000000,0.000000,0.000000,0.000000,0.000000,0.000000,0.000000,0.000000,0.000000,0.000000,0.000000,0.939894,0.053534,0.000000,0.000000,0.000000,0.000000,0.000000,0.000000,0.000000,0.000000,0.000000,1
